step,day,hour,money,inv_WHEAT,inv_CARROT,inv_TOMATO,inv_STRAWBERRY,inv_MELON,inv_EGG,inv_MILK,inv_WOOL,inv_FERTILIZER,price_WHEAT,price_CARROT,price_TOMATO,price_STRAWBERRY,price_MELON,price_EGG,price_MILK,price_WOOL,price_FERTILIZER,inv_WHEAT_change,inv_CARROT_change,inv_TOMATO_change,inv_STRAWBERRY_change,inv_MELON_change,inv_EGG_change,inv_MILK_change,inv_WOOL_change,inv_FERTILIZER_change
0,0,0,3000.0,10000,10000,10000,10000,10000,10000,10000,10000,10000,25,35,60,120,250,50,160,200,100,,,,,,,,,
1,0,1,3000.0,9999,9999,9999,9999,9999,9999,9999,9999,10000,26,35,60,128,256,50,169,206,100,-1.0,-1.0,-1.0,-1.0,-1.0,-1.0,-1.0,-1.0,0.0
2,0,2,3000.0,9999,9999,9999,9999,9999,9999,9999,9999,10000,26,35,60,128,256,50,169,206,100,0.0,0.0,0.0,0.0,0.0,0.0,0.0,0.0,0.0
3,0,3,3000.0,9999,9999,9999,9999,9999,9999,9999,9999,10000,26,35,60,128,256,50,169,206,100,0.0,0.0,0.0,0.0,0.0,0.0,0.0,0.0,0.0
4,0,4,3000.0,9999,9999,9999,9999,9999,9999,9999,9999,10000,26,35,60,128,256,50,169,206,100,0.0,0.0,0.0,0.0,0.0,0.0,0.0,0.0,0.0
5,0,5,3000.0,9999,9999,9999,9999,9999,9999,9999,9999,10000,26,35,60,128,256,50,169,206,100,0.0,0.0,0.0,0.0,0.0,0.0,0.0,0.0,0.0
6,0,6,3000.0,9999,9999,9999,9999,9999,9999,9999,9999,10000,26,35,60,128,256,50,169,206,100,0.0,0.0,0.0,0.0,0.0,0.0,0.0,0.0,0.0
7,0,7,3000.0,9999,9999,9999,9999,9999,9999,9999,9999,10000,26,35,60,128,256,50,169,206,100,0.0,0.0,0.0,0.0,0.0,0.0,0.0,0.0,0.0
8,0,8,3000.0,9999,9999,9999,9999,9999,9999,9999,9999,10000,26,35,60,128,256,50,169,206,100,0.0,0.0,0.0,0.0,0.0,0.0,0.0,0.0,0.0
9,0,9,3000.0,9999,9999,9999,9999,9999,9999,9999,9999,10000,26,35,60,128,256,50,169,206,100,0.0,0.0,0.0,0.0,0.0,0.0,0.0,0.0,0.0
10,0,10,3000.0,9999,9999,9999,9999,9999,9999,9999,9999,10000,26,35,60,128,256,50,169,206,100,0.0,0.0,0.0,0.0,0.0,0.0,0.0,0.0,0.0
11,0,11,3000.0,9999,9999,9999,9999,9999,9999,9999,9999,10000,26,35,60,128,256,50,169,206,100,0.0,0.0,0.0,0.0,0.0,0.0,0.0,0.0,0.0
12,0,12,3000.0,9999,9999,9999,9999,9999,9999,9999,9999,10000,26,35,60,128,256,50,169,206,100,0.0,0.0,0.0,0.0,0.0,0.0,0.0,0.0,0.0
13,0,13,3000.0,9999,9999,9999,9999,9999,9999,9999,9999,10000,26,35,60,128,256,50,169,206,100,0.0,0.0,0.0,0.0,0.0,0.0,0.0,0.0,0.0
14,0,14,3000.0,9999,9999,9999,9999,9999,9999,9999,9999,10000,26,35,60,128,256,50,169,206,100,0.0,0.0,0.0,0.0,0.0,0.0,0.0,0.0,0.0
15,0,15,3000.0,9999,9999,9999,9999,9999,9999,9999,9999,10000,26,35,60,128,256,50,169,206,100,0.0,0.0,0.0,0.0,0.0,0.0,0.0,0.0,0.0
16,0,16,3000.0,9999,9999,9999,9999,9999,9999,9999,9999,10000,26,35,60,128,256,50,169,206,100,0.0,0.0,0.0,0.0,0.0,0.0,0.0,0.0,0.0
17,0,17,3000.0,9999,9999,9999,9999,9999,9999,9999,9999,10000,26,35,60,128,256,50,169,206,100,0.0,0.0,0.0,0.0,0.0,0.0,0.0,0.0,0.0
18,0,18,3000.0,9999,9999,9999,9999,9999,9999,9999,9999,10000,26,35,60,128,256,50,169,206,100,0.0,0.0,0.0,0.0,0.0,0.0,0.0,0.0,0.0
19,0,19,3000.0,9999,9999,9999,9999,9999,9999,9999,9999,10000,26,35,60,128,256,50,169,206,100,0.0,0.0,0.0,0.0,0.0,0.0,0.0,0.0,0.0
20,0,20,3000.0,9999,9999,9999,9999,9999,9999,9999,9999,10000,26,35,60,128,256,50,169,206,100,0.0,0.0,0.0,0.0,0.0,0.0,0.0,0.0,0.0
21,0,21,3000.0,9999,9999,9999,9999,9999,9999,9999,9999,10000,26,35,60,128,256,50,169,206,100,0.0,0.0,0.0,0.0,0.0,0.0,0.0,0.0,0.0
22,0,22,3000.0,9999,9999,9999,9999,9999,9999,9999,9999,10000,26,35,60,128,256,50,169,206,100,0.0,0.0,0.0,0.0,0.0,0.0,0.0,0.0,0.0
23,0,23,3000.0,9999,9999,9999,9999,9999,9999,9999,9999,10000,26,35,60,128,256,50,169,206,100,0.0,0.0,0.0,0.0,0.0,0.0,0.0,0.0,0.0
24,1,0,3000.0,9999,9999,9999,9999,9999,9999,9999,9999,10000,26,35,60,128,256,50,169,206,100,0.0,0.0,0.0,0.0,0.0,0.0,0.0,0.0,0.0
25,1,1,3000.0,9998,9998,9998,9998,9998,9998,9998,9998,10000,26,35,60,132,260,50,172,209,100,-1.0,-1.0,-1.0,-1.0,-1.0,-1.0,-1.0,-1.0,0.0
26,1,2,3000.0,9998,9998,9998,9998,9998,9998,9998,9998,10000,26,35,60,132,260,50,172,209,100,0.0,0.0,0.0,0.0,0.0,0.0,0.0,0.0,0.0
27,1,3,3000.0,9998,9998,9998,9998,9998,9998,9998,9998,10000,26,35,60,132,260,50,172,209,100,0.0,0.0,0.0,0.0,0.0,0.0,0.0,0.0,0.0
28,1,4,3000.0,9998,9998,9998,9998,9998,9998,9998,9998,10000,26,35,60,132,260,50,172,209,100,0.0,0.0,0.0,0.0,0.0,0.0,0.0,0.0,0.0
29,1,5,3000.0,9998,9998,9998,9998,9998,9998,9998,9998,10000,26,35,60,132,260,50,172,209,100,0.0,0.0,0.0,0.0,0.0,0.0,0.0,0.0,0.0
30,1,6,3000.0,9998,9998,9998,9998,9998,9998,9998,9998,10000,26,35,60,132,260,50,172,209,100,0.0,0.0,0.0,0.0,0.0,0.0,0.0,0.0,0.0
31,1,7,3000.0,9998,9998,9998,9998,9998,9998,9998,9998,10000,26,35,60,132,260,50,172,209,100,0.0,0.0,0.0,0.0,0.0,0.0,0.0,0.0,0.0
32,1,8,3000.0,9998,9998,9998,9998,9998,9998,9998,9998,10000,26,35,60,132,260,50,172,209,100,0.0,0.0,0.0,0.0,0.0,0.0,0.0,0.0,0.0
33,1,9,3000.0,9998,9998,9998,9998,9998,9998,9998,9998,10000,26,35,60,132,260,50,172,209,100,0.0,0.0,0.0,0.0,0.0,0.0,0.0,0.0,0.0
34,1,10,3000.0,9998,9998,9998,9998,9998,9998,9998,9998,10000,26,35,60,132,260,50,172,209,100,0.0,0.0,0.0,0.0,0.0,0.0,0.0,0.0,0.0
35,1,11,3000.0,9998,9998,9998,9998,9998,9998,9998,9998,10000,26,35,60,132,260,50,172,209,100,0.0,0.0,0.0,0.0,0.0,0.0,0.0,0.0,0.0
36,1,12,3000.0,9998,9998,9998,9998,9998,9998,9998,9998,10000,26,35,60,132,260,50,172,209,100,0.0,0.0,0.0,0.0,0.0,0.0,0.0,0.0,0.0
37,1,13,3000.0,9998,9998,9998,9998,9998,9998,9998,9998,10000,26,35,60,132,260,50,172,209,100,0.0,0.0,0.0,0.0,0.0,0.0,0.0,0.0,0.0
38,1,14,3000.0,9998,9998,9998,9998,9998,9998,9998,9998,10000,26,35,60,132,260,50,172,209,100,0.0,0.0,0.0,0.0,0.0,0.0,0.0,0.0,0.0
39,1,15,3000.0,9998,9998,9998,9998,9998,9998,9998,9998,10000,26,35,60,132,260,50,172,209,100,0.0,0.0,0.0,0.0,0.0,0.0,0.0,0.0,0.0
40,1,16,3000.0,9998,9998,9998,9998,9998,9998,9998,9998,10000,26,35,60,132,260,50,172,209,100,0.0,0.0,0.0,0.0,0.0,0.0,0.0,0.0,0.0
41,1,17,3000.0,9998,9998,9998,9998,9998,9998,9998,9998,10000,26,35,60,132,260,50,172,209,100,0.0,0.0,0.0,0.0,0.0,0.0,0.0,0.0,0.0
42,1,18,3000.0,9998,9998,9998,9998,9998,9998,9998,9998,10000,26,35,60,132,260,50,172,209,100,0.0,0.0,0.0,0.0,0.0,0.0,0.0,0.0,0.0
43,1,19,3000.0,9998,9998,9998,9998,9998,9998,9998,9998,10000,26,35,60,132,260,50,172,209,100,0.0,0.0,0.0,0.0,0.0,0.0,0.0,0.0,0.0
44,1,20,3000.0,9998,9998,9998,9998,9998,9998,9998,9998,10000,26,35,60,132,260,50,172,209,100,0.0,0.0,0.0,0.0,0.0,0.0,0.0,0.0,0.0
45,1,21,3000.0,9998,9998,9998,9998,9998,9998,9998,9998,10000,26,35,60,132,260,50,172,209,100,0.0,0.0,0.0,0.0,0.0,0.0,0.0,0.0,0.0
46,1,22,3000.0,9998,9998,9998,9998,9998,9998,9998,9998,10000,26,35,60,132,260,50,172,209,100,0.0,0.0,0.0,0.0,0.0,0.0,0.0,0.0,0.0
47,1,23,3000.0,9998,9998,9998,9998,9998,9998,9998,9998,10000,26,35,60,132,260,50,172,209,100,0.0,0.0,0.0,0.0,0.0,0.0,0.0,0.0,0.0
48,2,0,3000.0,9998,9998,9998,9998,9998,9998,9998,9998,10000,26,35,60,132,260,50,172,209,100,0.0,0.0,0.0,0.0,0.0,0.0,0.0,0.0,0.0
49,2,1,3000.0,9997,9997,9997,9997,9997,9997,9997,9997,10000,27,35,60,135,262,50,175,212,100,-1.0,-1.0,-1.0,-1.0,-1.0,-1.0,-1.0,-1.0,0.0
50,2,2,3000.0,9997,9997,9997,9997,9997,9997,9997,9997,10000,27,35,60,135,262,50,175,212,100,0.0,0.0,0.0,0.0,0.0,0.0,0.0,0.0,0.0
51,2,3,3000.0,9997,9997,9997,9997,9997,9997,9997,9997,10000,27,35,60,135,262,50,175,212,100,0.0,0.0,0.0,0.0,0.0,0.0,0.0,0.0,0.0
52,2,4,3000.0,9997,9997,9997,9997,9997,9997,9997,9997,10000,27,35,60,135,262,50,175,212,100,0.0,0.0,0.0,0.0,0.0,0.0,0.0,0.0,0.0
53,2,5,3000.0,9997,9997,9997,9997,9997,9997,9997,9997,10000,27,35,60,135,262,50,175,212,100,0.0,0.0,0.0,0.0,0.0,0.0,0.0,0.0,0.0
54,2,6,3000.0,9997,9997,9997,9997,9997,9997,9997,9997,10000,27,35,60,135,262,50,175,212,100,0.0,0.0,0.0,0.0,0.0,0.0,0.0,0.0,0.0
55,2,7,3000.0,9997,9997,9997,9997,9997,9997,9997,9997,10000,27,35,60,135,262,50,175,212,100,0.0,0.0,0.0,0.0,0.0,0.0,0.0,0.0,0.0
56,2,8,3000.0,9997,9997,9997,9997,9997,9997,9997,9997,10000,27,35,60,135,262,50,175,212,100,0.0,0.0,0.0,0.0,0.0,0.0,0.0,0.0,0.0
57,2,9,3000.0,9997,9997,9997,9997,9997,9997,9997,9997,10000,27,35,60,135,262,50,175,212,100,0.0,0.0,0.0,0.0,0.0,0.0,0.0,0.0,0.0
58,2,10,3000.0,9997,9997,9997,9997,9997,9997,9997,9997,10000,27,35,60,135,262,50,175,212,100,0.0,0.0,0.0,0.0,0.0,0.0,0.0,0.0,0.0
59,2,11,3000.0,9997,9997,9997,9997,9997,9997,9997,9997,10000,27,35,60,135,262,50,175,212,100,0.0,0.0,0.0,0.0,0.0,0.0,0.0,0.0,0.0
60,2,12,3000.0,9997,9997,9997,9997,9997,9997,9997,9997,10000,27,35,60,135,262,50,175,212,100,0.0,0.0,0.0,0.0,0.0,0.0,0.0,0.0,0.0
61,2,13,3000.0,9997,9997,9997,9997,9997,9997,9997,9997,10000,27,35,60,135,262,50,175,212,100,0.0,0.0,0.0,0.0,0.0,0.0,0.0,0.0,0.0
62,2,14,3000.0,9997,9997,9997,9997,9997,9997,9997,9997,10000,27,35,60,135,262,50,175,212,100,0.0,0.0,0.0,0.0,0.0,0.0,0.0,0.0,0.0
63,2,15,3000.0,9997,9997,9997,9997,9997,9997,9997,9997,10000,27,35,60,135,262,50,175,212,100,0.0,0.0,0.0,0.0,0.0,0.0,0.0,0.0,0.0
64,2,16,3000.0,9997,9997,9997,9997,9997,9997,9997,9997,10000,27,35,60,135,262,50,175,212,100,0.0,0.0,0.0,0.0,0.0,0.0,0.0,0.0,0.0
65,2,17,3000.0,9997,9997,9997,9997,9997,9997,9997,9997,10000,27,35,60,135,262,50,175,212,100,0.0,0.0,0.0,0.0,0.0,0.0,0.0,0.0,0.0
66,2,18,3000.0,9997,9997,9997,9997,9997,9997,9997,9997,10000,27,35,60,135,262,50,175,212,100,0.0,0.0,0.0,0.0,0.0,0.0,0.0,0.0,0.0
67,2,19,3000.0,9997,9997,9997,9997,9997,9997,9997,9997,10000,27,35,60,135,262,50,175,212,100,0.0,0.0,0.0,0.0,0.0,0.0,0.0,0.0,0.0
68,2,20,3000.0,9997,9997,9997,9997,9997,9997,9997,9997,10000,27,35,60,135,262,50,175,212,100,0.0,0.0,0.0,0.0,0.0,0.0,0.0,0.0,0.0
69,2,21,3000.0,9997,9997,9997,9997,9997,9997,9997,9997,10000,27,35,60,135,262,50,175,212,100,0.0,0.0,0.0,0.0,0.0,0.0,0.0,0.0,0.0
70,2,22,3000.0,9997,9997,9997,9997,9997,9997,9997,9997,10000,27,35,60,135,262,50,175,212,100,0.0,0.0,0.0,0.0,0.0,0.0,0.0,0.0,0.0
71,2,23,3000.0,9997,9997,9997,9997,9997,9997,9997,9997,10000,27,35,60,135,262,50,175,212,100,0.0,0.0,0.0,0.0,0.0,0.0,0.0,0.0,0.0
72,3,0,3000.0,9997,9997,9997,9997,9997,9997,9997,9997,10000,27,35,60,135,262,50,175,212,100,0.0,0.0,0.0,0.0,0.0,0.0,0.0,0.0,0.0
73,3,1,3000.0,9995,9995,9995,9995,9996,9996,9996,9996,10000,27,35,61,139,264,50,177,214,100,-2.0,-2.0,-2.0,-2.0,-1.0,-1.0,-1.0,-1.0,0.0
74,3,2,3000.0,9995,9995,9995,9995,9996,9996,9996,9996,10000,27,35,61,139,264,50,177,214,100,0.0,0.0,0.0,0.0,0.0,0.0,0.0,0.0,0.0
75,3,3,3000.0,9995,9995,9995,9995,9996,9996,9996,9996,10000,27,35,61,139,264,50,177,214,100,0.0,0.0,0.0,0.0,0.0,0.0,0.0,0.0,0.0
76,3,4,3000.0,9995,9995,9995,9995,9996,9996,9996,9996,10000,27,35,61,139,264,50,177,214,100,0.0,0.0,0.0,0.0,0.0,0.0,0.0,0.0,0.0
77,3,5,3000.0,9994,9994,9994,9994,9996,9996,9996,9996,10000,27,35,61,141,264,50,177,214,100,-1.0,-1.0,-1.0,-1.0,0.0,0.0,0.0,0.0,0.0
78,3,6,3000.0,9994,9994,9994,9994,9996,9996,9996,9996,10000,27,35,61,141,264,50,177,214,100,0.0,0.0,0.0,0.0,0.0,0.0,0.0,0.0,0.0
79,3,7,3000.0,9994,9994,9994,9994,9996,9996,9996,9996,10000,27,35,61,141,264,50,177,214,100,0.0,0.0,0.0,0.0,0.0,0.0,0.0,0.0,0.0
80,3,8,3000.0,9994,9994,9994,9994,9996,9996,9996,9996,10000,27,35,61,141,264,50,177,214,100,0.0,0.0,0.0,0.0,0.0,0.0,0.0,0.0,0.0
81,3,9,3000.0,9993,9993,9993,9993,9996,9996,9996,9996,10000,28,36,61,142,264,50,177,214,100,-1.0,-1.0,-1.0,-1.0,0.0,0.0,0.0,0.0,0.0
82,3,10,3000.0,9993,9993,9993,9993,9996,9996,9996,9996,10000,28,36,61,142,264,50,177,214,100,0.0,0.0,0.0,0.0,0.0,0.0,0.0,0.0,0.0
83,3,11,3000.0,9993,9993,9993,9993,9996,9996,9996,9996,10000,28,36,61,142,264,50,177,214,100,0.0,0.0,0.0,0.0,0.0,0.0,0.0,0.0,0.0
84,3,12,3000.0,9993,9993,9993,9993,9996,9996,9996,9996,10000,28,36,61,142,264,50,177,214,100,0.0,0.0,0.0,0.0,0.0,0.0,0.0,0.0,0.0
85,3,13,3000.0,9992,9992,9992,9992,9996,9996,9996,9996,10000,28,36,61,144,264,50,177,214,100,-1.0,-1.0,-1.0,-1.0,0.0,0.0,0.0,0.0,0.0
86,3,14,3000.0,9992,9992,9992,9992,9996,9996,9996,9996,10000,28,36,61,144,264,50,177,214,100,0.0,0.0,0.0,0.0,0.0,0.0,0.0,0.0,0.0
87,3,15,3000.0,9992,9992,9992,9992,9996,9996,9996,9996,10000,28,36,61,144,264,50,177,214,100,0.0,0.0,0.0,0.0,0.0,0.0,0.0,0.0,0.0
88,3,16,3000.0,9992,9992,9992,9992,9996,9996,9996,9996,10000,28,36,61,144,264,50,177,214,100,0.0,0.0,0.0,0.0,0.0,0.0,0.0,0.0,0.0
89,3,17,3000.0,9991,9991,9991,9991,9996,9996,9996,9996,10000,28,36,61,145,264,50,177,214,100,-1.0,-1.0,-1.0,-1.0,0.0,0.0,0.0,0.0,0.0
90,3,18,3000.0,9991,9991,9991,9991,9996,9996,9996,9996,10000,28,36,61,145,264,50,177,214,100,0.0,0.0,0.0,0.0,0.0,0.0,0.0,0.0,0.0
91,3,19,3000.0,9991,9991,9991,9991,9996,9996,9996,9996,10000,28,36,61,145,264,50,177,214,100,0.0,0.0,0.0,0.0,0.0,0.0,0.0,0.0,0.0
92,3,20,3000.0,9991,9991,9991,9991,9996,9996,9996,9996,10000,28,36,61,145,264,50,177,214,100,0.0,0.0,0.0,0.0,0.0,0.0,0.0,0.0,0.0
93,3,21,3000.0,9990,9990,9990,9990,9996,9996,9996,9996,10000,28,36,61,147,264,50,177,214,100,-1.0,-1.0,-1.0,-1.0,0.0,0.0,0.0,0.0,0.0
94,3,22,3000.0,9990,9990,9990,9990,9996,9996,9996,9996,10000,28,36,61,147,264,50,177,214,100,0.0,0.0,0.0,0.0,0.0,0.0,0.0,0.0,0.0
95,3,23,3000.0,9990,9990,9990,9990,9996,9996,9996,9996,10000,28,36,61,147,264,50,177,214,100,0.0,0.0,0.0,0.0,0.0,0.0,0.0,0.0,0.0
96,4,0,3000.0,9990,9990,9990,9990,9996,9996,9996,9996,10000,28,36,61,147,264,50,177,214,100,0.0,0.0,0.0,0.0,0.0,0.0,0.0,0.0,0.0
97,4,1,3000.0,9988,9988,9988,9988,9995,9995,9995,9995,10000,28,36,61,149,266,50,179,215,100,-2.0,-2.0,-2.0,-2.0,-1.0,-1.0,-1.0,-1.0,0.0
98,4,2,3000.0,9988,9988,9988,9988,9995,9995,9995,9995,10000,28,36,61,149,266,50,179,215,100,0.0,0.0,0.0,0.0,0.0,0.0,0.0,0.0,0.0
99,4,3,3000.0,9988,9988,9988,9988,9995,9995,9995,9995,10000,28,36,61,149,266,50,179,215,100,0.0,0.0,0.0,0.0,0.0,0.0,0.0,0.0,0.0
100,4,4,3000.0,9988,9988,9988,9988,9995,9995,9995,9995,10000,28,36,61,149,266,50,179,215,100,0.0,0.0,0.0,0.0,0.0,0.0,0.0,0.0,0.0
101,4,5,3000.0,9987,9987,9987,9987,9995,9995,9995,9995,10000,29,36,62,150,266,50,179,215,100,-1.0,-1.0,-1.0,-1.0,0.0,0.0,0.0,0.0,0.0
102,4,6,3000.0,9987,9987,9987,9987,9995,9995,9995,9995,10000,29,36,62,150,266,50,179,215,100,0.0,0.0,0.0,0.0,0.0,0.0,0.0,0.0,0.0
103,4,7,3000.0,9987,9987,9987,9987,9995,9995,9995,9995,10000,29,36,62,150,266,50,179,215,100,0.0,0.0,0.0,0.0,0.0,0.0,0.0,0.0,0.0
104,4,8,3000.0,9987,9987,9987,9987,9995,9995,9995,9995,10000,29,36,62,150,266,50,179,215,100,0.0,0.0,0.0,0.0,0.0,0.0,0.0,0.0,0.0
105,4,9,3000.0,9986,9986,9986,9986,9995,9995,9995,9995,10000,29,36,62,151,266,50,179,215,100,-1.0,-1.0,-1.0,-1.0,0.0,0.0,0.0,0.0,0.0
106,4,10,3000.0,9986,9986,9986,9986,9995,9995,9995,9995,10000,29,36,62,151,266,50,179,215,100,0.0,0.0,0.0,0.0,0.0,0.0,0.0,0.0,0.0
107,4,11,3000.0,9986,9986,9986,9986,9995,9995,9995,9995,10000,29,36,62,151,266,50,179,215,100,0.0,0.0,0.0,0.0,0.0,0.0,0.0,0.0,0.0
108,4,12,3000.0,9986,9986,9986,9986,9995,9995,9995,9995,10000,29,36,62,151,266,50,179,215,100,0.0,0.0,0.0,0.0,0.0,0.0,0.0,0.0,0.0
109,4,13,3000.0,9985,9985,9985,9985,9995,9995,9995,9995,10000,29,36,62,153,266,50,179,215,100,-1.0,-1.0,-1.0,-1.0,0.0,0.0,0.0,0.0,0.0
110,4,14,3000.0,9985,9985,9985,9985,9995,9995,9995,9995,10000,29,36,62,153,266,50,179,215,100,0.0,0.0,0.0,0.0,0.0,0.0,0.0,0.0,0.0
111,4,15,3000.0,9985,9985,9985,9985,9995,9995,9995,9995,10000,29,36,62,153,266,50,179,215,100,0.0,0.0,0.0,0.0,0.0,0.0,0.0,0.0,0.0
112,4,16,3000.0,9985,9985,9985,9985,9995,9995,9995,9995,10000,29,36,62,153,266,50,179,215,100,0.0,0.0,0.0,0.0,0.0,0.0,0.0,0.0,0.0
113,4,17,3000.0,9984,9984,9984,9984,9995,9995,9995,9995,10000,29,36,62,154,266,50,179,215,100,-1.0,-1.0,-1.0,-1.0,0.0,0.0,0.0,0.0,0.0
114,4,18,3000.0,9984,9984,9984,9984,9995,9995,9995,9995,10000,29,36,62,154,266,50,179,215,100,0.0,0.0,0.0,0.0,0.0,0.0,0.0,0.0,0.0
115,4,19,3000.0,9984,9984,9984,9984,9995,9995,9995,9995,10000,29,36,62,154,266,50,179,215,100,0.0,0.0,0.0,0.0,0.0,0.0,0.0,0.0,0.0
116,4,20,3000.0,9984,9984,9984,9984,9995,9995,9995,9995,10000,29,36,62,154,266,50,179,215,100,0.0,0.0,0.0,0.0,0.0,0.0,0.0,0.0,0.0
117,4,21,3000.0,9983,9983,9983,9983,9995,9995,9995,9995,10000,29,36,62,155,266,50,179,215,100,-1.0,-1.0,-1.0,-1.0,0.0,0.0,0.0,0.0,0.0
118,4,22,3000.0,9983,9983,9983,9983,9995,9995,9995,9995,10000,29,36,62,155,266,50,179,215,100,0.0,0.0,0.0,0.0,0.0,0.0,0.0,0.0,0.0
119,4,23,3000.0,9983,9983,9983,9983,9995,9995,9995,9995,10000,29,36,62,155,266,50,179,215,100,0.0,0.0,0.0,0.0,0.0,0.0,0.0,0.0,0.0
120,5,0,3000.0,9983,9983,9983,9983,9995,9995,9995,9995,10000,29,36,62,155,266,50,179,215,100,0.0,0.0,0.0,0.0,0.0,0.0,0.0,0.0,0.0
121,5,1,3000.0,9981,9981,9981,9981,9994,9994,9994,9994,10000,29,36,62,157,267,50,181,217,100,-2.0,-2.0,-2.0,-2.0,-1.0,-1.0,-1.0,-1.0,0.0
122,5,2,3000.0,9981,9981,9981,9981,9994,9994,9994,9994,10000,29,36,62,157,267,50,181,217,100,0.0,0.0,0.0,0.0,0.0,0.0,0.0,0.0,0.0
123,5,3,3000.0,9981,9981,9981,9981,9994,9994,9994,9994,10000,29,36,62,157,267,50,181,217,100,0.0,0.0,0.0,0.0,0.0,0.0,0.0,0.0,0.0
124,5,4,3000.0,9981,9981,9981,9981,9994,9994,9994,9994,10000,29,36,62,157,267,50,181,217,100,0.0,0.0,0.0,0.0,0.0,0.0,0.0,0.0,0.0
125,5,5,3000.0,9980,9980,9980,9980,9994,9994,9994,9994,10000,29,37,62,158,267,50,181,217,100,-1.0,-1.0,-1.0,-1.0,0.0,0.0,0.0,0.0,0.0
126,5,6,3000.0,9980,9980,9980,9980,9994,9994,9994,9994,10000,29,37,62,158,267,50,181,217,100,0.0,0.0,0.0,0.0,0.0,0.0,0.0,0.0,0.0
127,5,7,3000.0,9980,9980,9980,9980,9994,9994,9994,9994,10000,29,37,62,158,267,50,181,217,100,0.0,0.0,0.0,0.0,0.0,0.0,0.0,0.0,0.0
128,5,8,3000.0,9980,9980,9980,9980,9994,9994,9994,9994,10000,29,37,62,158,267,50,181,217,100,0.0,0.0,0.0,0.0,0.0,0.0,0.0,0.0,0.0
129,5,9,3000.0,9979,9979,9979,9979,9994,9994,9994,9994,10000,30,37,63,158,267,50,181,217,100,-1.0,-1.0,-1.0,-1.0,0.0,0.0,0.0,0.0,0.0
130,5,10,3000.0,9979,9979,9979,9979,9994,9994,9994,9994,10000,30,37,63,158,267,50,181,217,100,0.0,0.0,0.0,0.0,0.0,0.0,0.0,0.0,0.0
131,5,11,3000.0,9979,9979,9979,9979,9994,9994,9994,9994,10000,30,37,63,158,267,50,181,217,100,0.0,0.0,0.0,0.0,0.0,0.0,0.0,0.0,0.0
132,5,12,3000.0,9979,9979,9979,9979,9994,9994,9994,9994,10000,30,37,63,158,267,50,181,217,100,0.0,0.0,0.0,0.0,0.0,0.0,0.0,0.0,0.0
133,5,13,3000.0,9978,9978,9978,9978,9994,9994,9994,9994,10000,30,37,63,159,267,50,181,217,100,-1.0,-1.0,-1.0,-1.0,0.0,0.0,0.0,0.0,0.0
134,5,14,3000.0,9978,9978,9978,9978,9994,9994,9994,9994,10000,30,37,63,159,267,50,181,217,100,0.0,0.0,0.0,0.0,0.0,0.0,0.0,0.0,0.0
135,5,15,3000.0,9978,9978,9978,9978,9994,9994,9994,9994,10000,30,37,63,159,267,50,181,217,100,0.0,0.0,0.0,0.0,0.0,0.0,0.0,0.0,0.0
136,5,16,3000.0,9978,9978,9978,9978,9994,9994,9994,9994,10000,30,37,63,159,267,50,181,217,100,0.0,0.0,0.0,0.0,0.0,0.0,0.0,0.0,0.0
137,5,17,3000.0,9977,9977,9977,9977,9994,9994,9994,9994,10000,30,37,63,160,267,50,181,217,100,-1.0,-1.0,-1.0,-1.0,0.0,0.0,0.0,0.0,0.0
138,5,18,3000.0,9977,9977,9977,9977,9994,9994,9994,9994,10000,30,37,63,160,267,50,181,217,100,0.0,0.0,0.0,0.0,0.0,0.0,0.0,0.0,0.0
139,5,19,3000.0,9977,9977,9977,9977,9994,9994,9994,9994,10000,30,37,63,160,267,50,181,217,100,0.0,0.0,0.0,0.0,0.0,0.0,0.0,0.0,0.0
140,5,20,3000.0,9977,9977,9977,9977,9994,9994,9994,9994,10000,30,37,63,160,267,50,181,217,100,0.0,0.0,0.0,0.0,0.0,0.0,0.0,0.0,0.0
141,5,21,3000.0,9976,9976,9976,9976,9994,9994,9994,9994,10000,30,37,63,161,267,50,181,217,100,-1.0,-1.0,-1.0,-1.0,0.0,0.0,0.0,0.0,0.0
142,5,22,3000.0,9976,9976,9976,9976,9994,9994,9994,9994,10000,30,37,63,161,267,50,181,217,100,0.0,0.0,0.0,0.0,0.0,0.0,0.0,0.0,0.0
143,5,23,3000.0,9976,9976,9976,9976,9994,9994,9994,9994,10000,30,37,63,161,267,50,181,217,100,0.0,0.0,0.0,0.0,0.0,0.0,0.0,0.0,0.0
144,6,0,3000.0,9976,9976,9976,9976,9994,9994,9994,9994,10000,30,37,63,161,267,50,181,217,100,0.0,0.0,0.0,0.0,0.0,0.0,0.0,0.0,0.0
145,6,1,3000.0,9974,9972,9974,9974,9993,9993,9993,9993,10000,30,37,63,163,268,50,183,218,100,-2.0,-4.0,-2.0,-2.0,-1.0,-1.0,-1.0,-1.0,0.0
146,6,2,3000.0,9974,9972,9974,9974,9993,9993,9993,9993,10000,30,37,63,163,268,50,183,218,100,0.0,0.0,0.0,0.0,0.0,0.0,0.0,0.0,0.0
147,6,3,3000.0,9974,9972,9974,9974,9993,9993,9993,9993,10000,30,37,63,163,268,50,183,218,100,0.0,0.0,0.0,0.0,0.0,0.0,0.0,0.0,0.0
148,6,4,3000.0,9974,9972,9974,9974,9993,9993,9993,9993,10000,30,37,63,163,268,50,183,218,100,0.0,0.0,0.0,0.0,0.0,0.0,0.0,0.0,0.0
149,6,5,3000.0,9973,9969,9973,9973,9993,9993,9993,9993,10000,30,37,63,164,268,50,183,218,100,-1.0,-3.0,-1.0,-1.0,0.0,0.0,0.0,0.0,0.0
150,6,6,3000.0,9973,9969,9973,9973,9993,9993,9993,9993,10000,30,37,63,164,268,50,183,218,100,0.0,0.0,0.0,0.0,0.0,0.0,0.0,0.0,0.0
151,6,7,3000.0,9973,9969,9973,9973,9993,9993,9993,9993,10000,30,37,63,164,268,50,183,218,100,0.0,0.0,0.0,0.0,0.0,0.0,0.0,0.0,0.0
152,6,8,3000.0,9973,9969,9973,9973,9993,9993,9993,9993,10000,30,37,63,164,268,50,183,218,100,0.0,0.0,0.0,0.0,0.0,0.0,0.0,0.0,0.0
153,6,9,3000.0,9972,9966,9972,9972,9993,9993,9993,9993,10000,30,38,63,164,268,50,183,218,100,-1.0,-3.0,-1.0,-1.0,0.0,0.0,0.0,0.0,0.0
154,6,10,3000.0,9972,9966,9972,9972,9993,9993,9993,9993,10000,30,38,63,164,268,50,183,218,100,0.0,0.0,0.0,0.0,0.0,0.0,0.0,0.0,0.0
155,6,11,3000.0,9972,9966,9972,9972,9993,9993,9993,9993,10000,30,38,63,164,268,50,183,218,100,0.0,0.0,0.0,0.0,0.0,0.0,0.0,0.0,0.0
156,6,12,3000.0,9972,9966,9972,9972,9993,9993,9993,9993,10000,30,38,63,164,268,50,183,218,100,0.0,0.0,0.0,0.0,0.0,0.0,0.0,0.0,0.0
157,6,13,3000.0,9971,9963,9971,9971,9993,9993,9993,9993,10000,30,38,63,165,268,50,183,218,100,-1.0,-3.0,-1.0,-1.0,0.0,0.0,0.0,0.0,0.0
158,6,14,3000.0,9971,9963,9971,9971,9993,9993,9993,9993,10000,30,38,63,165,268,50,183,218,100,0.0,0.0,0.0,0.0,0.0,0.0,0.0,0.0,0.0
159,6,15,3000.0,9971,9963,9971,9971,9993,9993,9993,9993,10000,30,38,63,165,268,50,183,218,100,0.0,0.0,0.0,0.0,0.0,0.0,0.0,0.0,0.0
160,6,16,3000.0,9971,9963,9971,9971,9993,9993,9993,9993,10000,30,38,63,165,268,50,183,218,100,0.0,0.0,0.0,0.0,0.0,0.0,0.0,0.0,0.0
161,6,17,3000.0,9970,9960,9970,9970,9993,9993,9993,9993,10000,30,38,64,166,268,50,183,218,100,-1.0,-3.0,-1.0,-1.0,0.0,0.0,0.0,0.0,0.0
162,6,18,3000.0,9970,9960,9970,9970,9993,9993,9993,9993,10000,30,38,64,166,268,50,183,218,100,0.0,0.0,0.0,0.0,0.0,0.0,0.0,0.0,0.0
163,6,19,3000.0,9970,9960,9970,9970,9993,9993,9993,9993,10000,30,38,64,166,268,50,183,218,100,0.0,0.0,0.0,0.0,0.0,0.0,0.0,0.0,0.0
164,6,20,3000.0,9970,9960,9970,9970,9993,9993,9993,9993,10000,30,38,64,166,268,50,183,218,100,0.0,0.0,0.0,0.0,0.0,0.0,0.0,0.0,0.0
165,6,21,3000.0,9969,9957,9969,9969,9993,9993,9993,9993,10000,31,38,64,167,268,50,183,218,100,-1.0,-3.0,-1.0,-1.0,0.0,0.0,0.0,0.0,0.0
166,6,22,3000.0,9969,9957,9969,9969,9993,9993,9993,9993,10000,31,38,64,167,268,50,183,218,100,0.0,0.0,0.0,0.0,0.0,0.0,0.0,0.0,0.0
167,6,23,3000.0,9969,9957,9969,9969,9993,9993,9993,9993,10000,31,38,64,167,268,50,183,218,100,0.0,0.0,0.0,0.0,0.0,0.0,0.0,0.0,0.0
168,7,0,3000.0,9969,9957,9969,9969,9993,9993,9993,9993,10000,31,38,64,167,268,50,183,218,100,0.0,0.0,0.0,0.0,0.0,0.0,0.0,0.0,0.0
169,7,1,3000.0,9967,9953,9967,9967,9992,9992,9992,9992,10000,31,39,64,168,269,50,185,219,100,-2.0,-4.0,-2.0,-2.0,-1.0,-1.0,-1.0,-1.0,0.0
170,7,2,3000.0,9967,9953,9967,9967,9992,9992,9992,9992,10000,31,39,64,168,269,50,185,219,100,0.0,0.0,0.0,0.0,0.0,0.0,0.0,0.0,0.0
171,7,3,3000.0,9967,9953,9967,9967,9992,9992,9992,9992,10000,31,39,64,168,269,50,185,219,100,0.0,0.0,0.0,0.0,0.0,0.0,0.0,0.0,0.0
172,7,4,3000.0,9967,9953,9967,9967,9992,9992,9992,9992,10000,31,39,64,168,269,50,185,219,100,0.0,0.0,0.0,0.0,0.0,0.0,0.0,0.0,0.0
173,7,5,3000.0,9966,9950,9966,9966,9992,9992,9992,9992,10000,31,39,64,169,269,50,185,219,100,-1.0,-3.0,-1.0,-1.0,0.0,0.0,0.0,0.0,0.0
174,7,6,3000.0,9966,9950,9966,9966,9992,9992,9992,9992,10000,31,39,64,169,269,50,185,219,100,0.0,0.0,0.0,0.0,0.0,0.0,0.0,0.0,0.0
175,7,7,3000.0,9966,9950,9966,9966,9992,9992,9992,9992,10000,31,39,64,169,269,50,185,219,100,0.0,0.0,0.0,0.0,0.0,0.0,0.0,0.0,0.0
176,7,8,3000.0,9966,9950,9966,9966,9992,9992,9992,9992,10000,31,39,64,169,269,50,185,219,100,0.0,0.0,0.0,0.0,0.0,0.0,0.0,0.0,0.0
177,7,9,3000.0,9965,9947,9965,9965,9992,9992,9992,9992,10000,31,39,64,170,269,50,185,219,100,-1.0,-3.0,-1.0,-1.0,0.0,0.0,0.0,0.0,0.0
178,7,10,3000.0,9965,9947,9965,9965,9992,9992,9992,9992,10000,31,39,64,170,269,50,185,219,100,0.0,0.0,0.0,0.0,0.0,0.0,0.0,0.0,0.0
179,7,11,3000.0,9965,9947,9965,9965,9992,9992,9992,9992,10000,31,39,64,170,269,50,185,219,100,0.0,0.0,0.0,0.0,0.0,0.0,0.0,0.0,0.0
180,7,12,3000.0,9965,9947,9965,9965,9992,9992,9992,9992,10000,31,39,64,170,269,50,185,219,100,0.0,0.0,0.0,0.0,0.0,0.0,0.0,0.0,0.0
181,7,13,3000.0,9964,9944,9964,9964,9992,9992,9992,9992,10000,31,39,64,170,269,50,185,219,100,-1.0,-3.0,-1.0,-1.0,0.0,0.0,0.0,0.0,0.0
182,7,14,3000.0,9964,9944,9964,9964,9992,9992,9992,9992,10000,31,39,64,170,269,50,185,219,100,0.0,0.0,0.0,0.0,0.0,0.0,0.0,0.0,0.0
183,7,15,3000.0,9964,9944,9964,9964,9992,9992,9992,9992,10000,31,39,64,170,269,50,185,219,100,0.0,0.0,0.0,0.0,0.0,0.0,0.0,0.0,0.0
184,7,16,3000.0,9964,9944,9964,9964,9992,9992,9992,9992,10000,31,39,64,170,269,50,185,219,100,0.0,0.0,0.0,0.0,0.0,0.0,0.0,0.0,0.0
185,7,17,3000.0,9963,9941,9963,9963,9992,9992,9992,9992,10000,31,40,64,171,269,50,185,219,100,-1.0,-3.0,-1.0,-1.0,0.0,0.0,0.0,0.0,0.0
186,7,18,3000.0,9963,9941,9963,9963,9992,9992,9992,9992,10000,31,40,64,171,269,50,185,219,100,0.0,0.0,0.0,0.0,0.0,0.0,0.0,0.0,0.0
187,7,19,3000.0,9963,9941,9963,9963,9992,9992,9992,9992,10000,31,40,64,171,269,50,185,219,100,0.0,0.0,0.0,0.0,0.0,0.0,0.0,0.0,0.0
188,7,20,3000.0,9963,9941,9963,9963,9992,9992,9992,9992,10000,31,40,64,171,269,50,185,219,100,0.0,0.0,0.0,0.0,0.0,0.0,0.0,0.0,0.0
189,7,21,3000.0,9962,9938,9962,9962,9992,9992,9992,9992,10000,31,40,65,172,269,50,185,219,100,-1.0,-3.0,-1.0,-1.0,0.0,0.0,0.0,0.0,0.0
190,7,22,3000.0,9962,9938,9962,9962,9992,9992,9992,9992,10000,31,40,65,172,269,50,185,219,100,0.0,0.0,0.0,0.0,0.0,0.0,0.0,0.0,0.0
191,7,23,3000.0,9962,9938,9962,9962,9992,9992,9992,9992,10000,31,40,65,172,269,50,185,219,100,0.0,0.0,0.0,0.0,0.0,0.0,0.0,0.0,0.0
192,8,0,3000.0,9962,9938,9962,9962,9992,9992,9992,9992,10000,31,40,65,172,269,50,185,219,100,0.0,0.0,0.0,0.0,0.0,0.0,0.0,0.0,0.0
193,8,1,3000.0,9960,9934,9960,9960,9991,9991,9991,9991,10000,31,40,65,173,270,51,186,220,100,-2.0,-4.0,-2.0,-2.0,-1.0,-1.0,-1.0,-1.0,0.0
194,8,2,3000.0,9960,9934,9960,9960,9991,9991,9991,9991,10000,31,40,65,173,270,51,186,220,100,0.0,0.0,0.0,0.0,0.0,0.0,0.0,0.0,0.0
195,8,3,3000.0,9960,9934,9960,9960,9991,9991,9991,9991,10000,31,40,65,173,270,51,186,220,100,0.0,0.0,0.0,0.0,0.0,0.0,0.0,0.0,0.0
196,8,4,3000.0,9960,9934,9960,9960,9991,9991,9991,9991,10000,31,40,65,173,270,51,186,220,100,0.0,0.0,0.0,0.0,0.0,0.0,0.0,0.0,0.0
197,8,5,3000.0,9959,9931,9959,9959,9991,9991,9991,9991,10000,31,40,65,174,270,51,186,220,100,-1.0,-3.0,-1.0,-1.0,0.0,0.0,0.0,0.0,0.0
198,8,6,3000.0,9959,9931,9959,9959,9991,9991,9991,9991,10000,31,40,65,174,270,51,186,220,100,0.0,0.0,0.0,0.0,0.0,0.0,0.0,0.0,0.0
199,8,7,3000.0,9959,9931,9959,9959,9991,9991,9991,9991,10000,31,40,65,174,270,51,186,220,100,0.0,0.0,0.0,0.0,0.0,0.0,0.0,0.0,0.0
200,8,8,3000.0,9959,9931,9959,9959,9991,9991,9991,9991,10000,31,40,65,174,270,51,186,220,100,0.0,0.0,0.0,0.0,0.0,0.0,0.0,0.0,0.0
201,8,9,3000.0,9958,9928,9958,9958,9991,9991,9991,9991,10000,31,41,65,174,270,51,186,220,100,-1.0,-3.0,-1.0,-1.0,0.0,0.0,0.0,0.0,0.0
202,8,10,3000.0,9958,9928,9958,9958,9991,9991,9991,9991,10000,31,41,65,174,270,51,186,220,100,0.0,0.0,0.0,0.0,0.0,0.0,0.0,0.0,0.0
203,8,11,3000.0,9958,9928,9958,9958,9991,9991,9991,9991,10000,31,41,65,174,270,51,186,220,100,0.0,0.0,0.0,0.0,0.0,0.0,0.0,0.0,0.0
204,8,12,3000.0,9958,9928,9958,9958,9991,9991,9991,9991,10000,31,41,65,174,270,51,186,220,100,0.0,0.0,0.0,0.0,0.0,0.0,0.0,0.0,0.0
205,8,13,3000.0,9957,9925,9957,9957,9991,9991,9991,9991,10000,32,41,65,175,270,51,186,220,100,-1.0,-3.0,-1.0,-1.0,0.0,0.0,0.0,0.0,0.0
206,8,14,3000.0,9957,9925,9957,9957,9991,9991,9991,9991,10000,32,41,65,175,270,51,186,220,100,0.0,0.0,0.0,0.0,0.0,0.0,0.0,0.0,0.0
207,8,15,3000.0,9957,9925,9957,9957,9991,9991,9991,9991,10000,32,41,65,175,270,51,186,220,100,0.0,0.0,0.0,0.0,0.0,0.0,0.0,0.0,0.0
208,8,16,3000.0,9957,9925,9957,9957,9991,9991,9991,9991,10000,32,41,65,175,270,51,186,220,100,0.0,0.0,0.0,0.0,0.0,0.0,0.0,0.0,0.0
209,8,17,3000.0,9956,9922,9956,9956,9991,9991,9991,9991,10000,32,41,65,176,270,51,186,220,100,-1.0,-3.0,-1.0,-1.0,0.0,0.0,0.0,0.0,0.0
210,8,18,3000.0,9956,9922,9956,9956,9991,9991,9991,9991,10000,32,41,65,176,270,51,186,220,100,0.0,0.0,0.0,0.0,0.0,0.0,0.0,0.0,0.0
211,8,19,3000.0,9956,9922,9956,9956,9991,9991,9991,9991,10000,32,41,65,176,270,51,186,220,100,0.0,0.0,0.0,0.0,0.0,0.0,0.0,0.0,0.0
212,8,20,3000.0,9956,9922,9956,9956,9991,9991,9991,9991,10000,32,41,65,176,270,51,186,220,100,0.0,0.0,0.0,0.0,0.0,0.0,0.0,0.0,0.0
213,8,21,3000.0,9955,9919,9955,9955,9991,9991,9991,9991,10000,32,41,65,176,270,51,186,220,100,-1.0,-3.0,-1.0,-1.0,0.0,0.0,0.0,0.0,0.0
214,8,22,3000.0,9955,9919,9955,9955,9991,9991,9991,9991,10000,32,41,65,176,270,51,186,220,100,0.0,0.0,0.0,0.0,0.0,0.0,0.0,0.0,0.0
215,8,23,3000.0,9955,9919,9955,9955,9991,9991,9991,9991,10000,32,41,65,176,270,51,186,220,100,0.0,0.0,0.0,0.0,0.0,0.0,0.0,0.0,0.0
216,9,0,3000.0,9955,9919,9955,9955,9991,9991,9991,9991,10000,32,41,65,176,270,51,186,220,100,0.0,0.0,0.0,0.0,0.0,0.0,0.0,0.0,0.0
217,9,1,3000.0,9953,9915,9953,9953,9990,9990,9990,9988,10000,32,42,66,178,271,51,187,222,100,-2.0,-4.0,-2.0,-2.0,-1.0,-1.0,-1.0,-3.0,0.0
218,9,2,3000.0,9953,9915,9953,9953,9990,9990,9990,9988,10000,32,42,66,178,271,51,187,222,100,0.0,0.0,0.0,0.0,0.0,0.0,0.0,0.0,0.0
219,9,3,3000.0,9953,9915,9953,9953,9990,9990,9990,9988,10000,32,42,66,178,271,51,187,222,100,0.0,0.0,0.0,0.0,0.0,0.0,0.0,0.0,0.0
220,9,4,3000.0,9953,9915,9953,9953,9990,9990,9990,9988,10000,32,42,66,178,271,51,187,222,100,0.0,0.0,0.0,0.0,0.0,0.0,0.0,0.0,0.0
221,9,5,3000.0,9952,9912,9952,9952,9990,9990,9990,9986,10000,32,42,66,178,271,51,187,223,100,-1.0,-3.0,-1.0,-1.0,0.0,0.0,0.0,-2.0,0.0
222,9,6,3000.0,9952,9912,9952,9952,9990,9990,9990,9986,10000,32,42,66,178,271,51,187,223,100,0.0,0.0,0.0,0.0,0.0,0.0,0.0,0.0,0.0
223,9,7,3000.0,9952,9912,9952,9952,9990,9990,9990,9986,10000,32,42,66,178,271,51,187,223,100,0.0,0.0,0.0,0.0,0.0,0.0,0.0,0.0,0.0
224,9,8,3000.0,9952,9912,9952,9952,9990,9990,9990,9986,10000,32,42,66,178,271,51,187,223,100,0.0,0.0,0.0,0.0,0.0,0.0,0.0,0.0,0.0
225,9,9,3000.0,9951,9909,9951,9951,9990,9990,9990,9984,10000,32,42,66,179,271,51,187,224,100,-1.0,-3.0,-1.0,-1.0,0.0,0.0,0.0,-2.0,0.0
226,9,10,3000.0,9951,9909,9951,9951,9990,9990,9990,9984,10000,32,42,66,179,271,51,187,224,100,0.0,0.0,0.0,0.0,0.0,0.0,0.0,0.0,0.0
227,9,11,3000.0,9951,9909,9951,9951,9990,9990,9990,9984,10000,32,42,66,179,271,51,187,224,100,0.0,0.0,0.0,0.0,0.0,0.0,0.0,0.0,0.0
228,9,12,3000.0,9951,9909,9951,9951,9990,9990,9990,9984,10000,32,42,66,179,271,51,187,224,100,0.0,0.0,0.0,0.0,0.0,0.0,0.0,0.0,0.0
229,9,13,3000.0,9950,9906,9950,9950,9990,9990,9990,9982,10000,32,42,66,179,271,51,187,225,100,-1.0,-3.0,-1.0,-1.0,0.0,0.0,0.0,-2.0,0.0
230,9,14,3000.0,9950,9906,9950,9950,9990,9990,9990,9982,10000,32,42,66,179,271,51,187,225,100,0.0,0.0,0.0,0.0,0.0,0.0,0.0,0.0,0.0
231,9,15,3000.0,9950,9906,9950,9950,9990,9990,9990,9982,10000,32,42,66,179,271,51,187,225,100,0.0,0.0,0.0,0.0,0.0,0.0,0.0,0.0,0.0
232,9,16,3000.0,9950,9906,9950,9950,9990,9990,9990,9982,10000,32,42,66,179,271,51,187,225,100,0.0,0.0,0.0,0.0,0.0,0.0,0.0,0.0,0.0
233,9,17,3000.0,9949,9903,9949,9949,9990,9990,9990,9980,10000,32,43,66,180,271,51,187,226,100,-1.0,-3.0,-1.0,-1.0,0.0,0.0,0.0,-2.0,0.0
234,9,18,3000.0,9949,9903,9949,9949,9990,9990,9990,9980,10000,32,43,66,180,271,51,187,226,100,0.0,0.0,0.0,0.0,0.0,0.0,0.0,0.0,0.0
235,9,19,3000.0,9949,9903,9949,9949,9990,9990,9990,9980,10000,32,43,66,180,271,51,187,226,100,0.0,0.0,0.0,0.0,0.0,0.0,0.0,0.0,0.0
236,9,20,3000.0,9949,9903,9949,9949,9990,9990,9990,9980,10000,32,43,66,180,271,51,187,226,100,0.0,0.0,0.0,0.0,0.0,0.0,0.0,0.0,0.0
237,9,21,3000.0,9948,9900,9948,9948,9990,9990,9990,9978,10000,32,43,66,181,271,51,187,227,100,-1.0,-3.0,-1.0,-1.0,0.0,0.0,0.0,-2.0,0.0
238,9,22,3000.0,9948,9900,9948,9948,9990,9990,9990,9978,10000,32,43,66,181,271,51,187,227,100,0.0,0.0,0.0,0.0,0.0,0.0,0.0,0.0,0.0
239,9,23,3000.0,9948,9900,9948,9948,9990,9990,9990,9978,10000,32,43,66,181,271,51,187,227,100,0.0,0.0,0.0,0.0,0.0,0.0,0.0,0.0,0.0
240,10,0,3000.0,9948,9900,9948,9948,9990,9990,9990,9978,10000,32,43,66,181,271,51,187,227,100,0.0,0.0,0.0,0.0,0.0,0.0,0.0,0.0,0.0
241,10,1,3000.0,9946,9896,9946,9946,9989,9989,9989,9975,10000,32,43,66,182,272,51,189,228,100,-2.0,-4.0,-2.0,-2.0,-1.0,-1.0,-1.0,-3.0,0.0
242,10,2,3000.0,9946,9896,9946,9946,9989,9989,9989,9975,10000,32,43,66,182,272,51,189,228,100,0.0,0.0,0.0,0.0,0.0,0.0,0.0,0.0,0.0
243,10,3,3000.0,9946,9896,9946,9946,9989,9989,9989,9975,10000,32,43,66,182,272,51,189,228,100,0.0,0.0,0.0,0.0,0.0,0.0,0.0,0.0,0.0
244,10,4,3000.0,9946,9896,9946,9946,9989,9989,9989,9975,10000,32,43,66,182,272,51,189,228,100,0.0,0.0,0.0,0.0,0.0,0.0,0.0,0.0,0.0
245,10,5,3000.0,9945,9893,9945,9945,9989,9989,9989,9973,10000,32,43,67,182,272,51,189,229,100,-1.0,-3.0,-1.0,-1.0,0.0,0.0,0.0,-2.0,0.0
246,10,6,3000.0,9945,9893,9945,9945,9989,9989,9989,9973,10000,32,43,67,182,272,51,189,229,100,0.0,0.0,0.0,0.0,0.0,0.0,0.0,0.0,0.0
247,10,7,3000.0,9945,9893,9945,9945,9989,9989,9989,9973,10000,32,43,67,182,272,51,189,229,100,0.0,0.0,0.0,0.0,0.0,0.0,0.0,0.0,0.0
248,10,8,3000.0,9945,9893,9945,9945,9989,9989,9989,9973,10000,32,43,67,182,272,51,189,229,100,0.0,0.0,0.0,0.0,0.0,0.0,0.0,0.0,0.0
249,10,9,3000.0,9944,9890,9944,9944,9989,9989,9989,9971,10000,32,44,67,183,272,51,189,229,100,-1.0,-3.0,-1.0,-1.0,0.0,0.0,0.0,-2.0,0.0
250,10,10,3000.0,9944,9890,9944,9944,9989,9989,9989,9971,10000,32,44,67,183,272,51,189,229,100,0.0,0.0,0.0,0.0,0.0,0.0,0.0,0.0,0.0
251,10,11,3000.0,9944,9890,9944,9944,9989,9989,9989,9971,10000,32,44,67,183,272,51,189,229,100,0.0,0.0,0.0,0.0,0.0,0.0,0.0,0.0,0.0
252,10,12,3000.0,9944,9890,9944,9944,9989,9989,9989,9971,10000,32,44,67,183,272,51,189,229,100,0.0,0.0,0.0,0.0,0.0,0.0,0.0,0.0,0.0
253,10,13,3000.0,9943,9887,9943,9943,9989,9989,9989,9969,10000,33,44,67,183,272,51,189,230,100,-1.0,-3.0,-1.0,-1.0,0.0,0.0,0.0,-2.0,0.0
254,10,14,3000.0,9943,9887,9943,9943,9989,9989,9989,9969,10000,33,44,67,183,272,51,189,230,100,0.0,0.0,0.0,0.0,0.0,0.0,0.0,0.0,0.0
255,10,15,3000.0,9943,9887,9943,9943,9989,9989,9989,9969,10000,33,44,67,183,272,51,189,230,100,0.0,0.0,0.0,0.0,0.0,0.0,0.0,0.0,0.0
256,10,16,3000.0,9943,9887,9943,9943,9989,9989,9989,9969,10000,33,44,67,183,272,51,189,230,100,0.0,0.0,0.0,0.0,0.0,0.0,0.0,0.0,0.0
257,10,17,3000.0,9942,9884,9942,9942,9989,9989,9989,9967,10000,33,44,67,184,272,51,189,230,100,-1.0,-3.0,-1.0,-1.0,0.0,0.0,0.0,-2.0,0.0
258,10,18,3000.0,9942,9884,9942,9942,9989,9989,9989,9967,10000,33,44,67,184,272,51,189,230,100,0.0,0.0,0.0,0.0,0.0,0.0,0.0,0.0,0.0
259,10,19,3000.0,9942,9884,9942,9942,9989,9989,9989,9967,10000,33,44,67,184,272,51,189,230,100,0.0,0.0,0.0,0.0,0.0,0.0,0.0,0.0,0.0
260,10,20,3000.0,9942,9884,9942,9942,9989,9989,9989,9967,10000,33,44,67,184,272,51,189,230,100,0.0,0.0,0.0,0.0,0.0,0.0,0.0,0.0,0.0
261,10,21,3000.0,9941,9881,9941,9941,9989,9989,9989,9965,10000,33,44,67,185,272,51,189,231,100,-1.0,-3.0,-1.0,-1.0,0.0,0.0,0.0,-2.0,0.0
262,10,22,3000.0,9941,9881,9941,9941,9989,9989,9989,9965,10000,33,44,67,185,272,51,189,231,100,0.0,0.0,0.0,0.0,0.0,0.0,0.0,0.0,0.0
263,10,23,3000.0,9941,9881,9941,9941,9989,9989,9989,9965,10000,33,44,67,185,272,51,189,231,100,0.0,0.0,0.0,0.0,0.0,0.0,0.0,0.0,0.0
264,11,0,3000.0,9941,9881,9941,9941,9989,9989,9989,9965,10000,33,44,67,185,272,51,189,231,100,0.0,0.0,0.0,0.0,0.0,0.0,0.0,0.0,0.0
265,11,1,3000.0,9939,9877,9939,9939,9988,9988,9988,9962,10000,33,45,67,186,272,51,190,231,100,-2.0,-4.0,-2.0,-2.0,-1.0,-1.0,-1.0,-3.0,0.0
266,11,2,3000.0,9939,9877,9939,9939,9988,9988,9988,9962,10000,33,45,67,186,272,51,190,231,100,0.0,0.0,0.0,0.0,0.0,0.0,0.0,0.0,0.0
267,11,3,3000.0,9939,9877,9939,9939,9988,9988,9988,9962,10000,33,45,67,186,272,51,190,231,100,0.0,0.0,0.0,0.0,0.0,0.0,0.0,0.0,0.0
268,11,4,3000.0,9939,9877,9939,9939,9988,9988,9988,9962,10000,33,45,67,186,272,51,190,231,100,0.0,0.0,0.0,0.0,0.0,0.0,0.0,0.0,0.0
269,11,5,3000.0,9938,9874,9938,9938,9988,9988,9988,9960,10000,33,45,67,186,272,51,190,232,100,-1.0,-3.0,-1.0,-1.0,0.0,0.0,0.0,-2.0,0.0
270,11,6,3000.0,9938,9874,9938,9938,9988,9988,9988,9960,10000,33,45,67,186,272,51,190,232,100,0.0,0.0,0.0,0.0,0.0,0.0,0.0,0.0,0.0
271,11,7,3000.0,9938,9874,9938,9938,9988,9988,9988,9960,10000,33,45,67,186,272,51,190,232,100,0.0,0.0,0.0,0.0,0.0,0.0,0.0,0.0,0.0
272,11,8,3000.0,9938,9874,9938,9938,9988,9988,9988,9960,10000,33,45,67,186,272,51,190,232,100,0.0,0.0,0.0,0.0,0.0,0.0,0.0,0.0,0.0
273,11,9,3000.0,9937,9871,9937,9937,9988,9988,9988,9958,10000,33,45,68,187,272,51,190,232,100,-1.0,-3.0,-1.0,-1.0,0.0,0.0,0.0,-2.0,0.0
274,11,10,3000.0,9937,9871,9937,9937,9988,9988,9988,9958,10000,33,45,68,187,272,51,190,232,100,0.0,0.0,0.0,0.0,0.0,0.0,0.0,0.0,0.0
275,11,11,3000.0,9937,9871,9937,9937,9988,9988,9988,9958,10000,33,45,68,187,272,51,190,232,100,0.0,0.0,0.0,0.0,0.0,0.0,0.0,0.0,0.0
276,11,12,3000.0,9937,9871,9937,9937,9988,9988,9988,9958,10000,33,45,68,187,272,51,190,232,100,0.0,0.0,0.0,0.0,0.0,0.0,0.0,0.0,0.0
277,11,13,3000.0,9936,9868,9936,9936,9988,9988,9988,9956,10000,33,45,68,187,272,51,190,233,100,-1.0,-3.0,-1.0,-1.0,0.0,0.0,0.0,-2.0,0.0
278,11,14,3000.0,9936,9868,9936,9936,9988,9988,9988,9956,10000,33,45,68,187,272,51,190,233,100,0.0,0.0,0.0,0.0,0.0,0.0,0.0,0.0,0.0
279,11,15,3000.0,9936,9868,9936,9936,9988,9988,9988,9956,10000,33,45,68,187,272,51,190,233,100,0.0,0.0,0.0,0.0,0.0,0.0,0.0,0.0,0.0
280,11,16,3000.0,9936,9868,9936,9936,9988,9988,9988,9956,10000,33,45,68,187,272,51,190,233,100,0.0,0.0,0.0,0.0,0.0,0.0,0.0,0.0,0.0
281,11,17,3000.0,9935,9865,9935,9935,9988,9988,9988,9954,10000,33,46,68,188,272,51,190,233,100,-1.0,-3.0,-1.0,-1.0,0.0,0.0,0.0,-2.0,0.0
282,11,18,3000.0,9935,9865,9935,9935,9988,9988,9988,9954,10000,33,46,68,188,272,51,190,233,100,0.0,0.0,0.0,0.0,0.0,0.0,0.0,0.0,0.0
283,11,19,3000.0,9935,9865,9935,9935,9988,9988,9988,9954,10000,33,46,68,188,272,51,190,233,100,0.0,0.0,0.0,0.0,0.0,0.0,0.0,0.0,0.0
284,11,20,3000.0,9935,9865,9935,9935,9988,9988,9988,9954,10000,33,46,68,188,272,51,190,233,100,0.0,0.0,0.0,0.0,0.0,0.0,0.0,0.0,0.0
285,11,21,3000.0,9934,9862,9934,9934,9988,9988,9988,9952,10000,33,46,68,188,272,51,190,233,100,-1.0,-3.0,-1.0,-1.0,0.0,0.0,0.0,-2.0,0.0
286,11,22,3000.0,9934,9862,9934,9934,9988,9988,9988,9952,10000,33,46,68,188,272,51,190,233,100,0.0,0.0,0.0,0.0,0.0,0.0,0.0,0.0,0.0
287,11,23,3000.0,9934,9862,9934,9934,9988,9988,9988,9952,10000,33,46,68,188,272,51,190,233,100,0.0,0.0,0.0,0.0,0.0,0.0,0.0,0.0,0.0
288,12,0,3000.0,9934,9862,9934,9934,9988,9988,9988,9952,10000,33,46,68,188,272,51,190,233,100,0.0,0.0,0.0,0.0,0.0,0.0,0.0,0.0,0.0
289,12,1,3000.0,9932,9858,9932,9932,9987,9987,9987,9947,10000,33,46,68,189,273,51,191,234,100,-2.0,-4.0,-2.0,-2.0,-1.0,-1.0,-1.0,-5.0,0.0
290,12,2,3000.0,9932,9858,9932,9932,9987,9987,9987,9947,10000,33,46,68,189,273,51,191,234,100,0.0,0.0,0.0,0.0,0.0,0.0,0.0,0.0,0.0
291,12,3,3000.0,9932,9858,9932,9932,9987,9987,9987,9947,10000,33,46,68,189,273,51,191,234,100,0.0,0.0,0.0,0.0,0.0,0.0,0.0,0.0,0.0
292,12,4,3000.0,9932,9858,9932,9932,9987,9987,9987,9947,10000,33,46,68,189,273,51,191,234,100,0.0,0.0,0.0,0.0,0.0,0.0,0.0,0.0,0.0
293,12,5,3000.0,9931,9855,9931,9931,9987,9987,9987,9943,10000,33,46,68,190,273,51,191,235,100,-1.0,-3.0,-1.0,-1.0,0.0,0.0,0.0,-4.0,0.0
294,12,6,3000.0,9931,9855,9931,9931,9987,9987,9987,9943,10000,33,46,68,190,273,51,191,235,100,0.0,0.0,0.0,0.0,0.0,0.0,0.0,0.0,0.0
295,12,7,3000.0,9931,9855,9931,9931,9987,9987,9987,9943,10000,33,46,68,190,273,51,191,235,100,0.0,0.0,0.0,0.0,0.0,0.0,0.0,0.0,0.0
296,12,8,3000.0,9931,9855,9931,9931,9987,9987,9987,9943,10000,33,46,68,190,273,51,191,235,100,0.0,0.0,0.0,0.0,0.0,0.0,0.0,0.0,0.0
297,12,9,3000.0,9930,9852,9930,9930,9987,9987,9987,9939,10000,33,47,68,190,273,51,191,235,100,-1.0,-3.0,-1.0,-1.0,0.0,0.0,0.0,-4.0,0.0
298,12,10,3000.0,9930,9852,9930,9930,9987,9987,9987,9939,10000,33,47,68,190,273,51,191,235,100,0.0,0.0,0.0,0.0,0.0,0.0,0.0,0.0,0.0
299,12,11,3000.0,9930,9852,9930,9930,9987,9987,9987,9939,10000,33,47,68,190,273,51,191,235,100,0.0,0.0,0.0,0.0,0.0,0.0,0.0,0.0,0.0
300,12,12,3000.0,9930,9852,9930,9930,9987,9987,9987,9939,10000,33,47,68,190,273,51,191,235,100,0.0,0.0,0.0,0.0,0.0,0.0,0.0,0.0,0.0
301,12,13,3000.0,9929,9849,9929,9929,9987,9987,9987,9935,10000,33,47,69,191,273,51,191,236,100,-1.0,-3.0,-1.0,-1.0,0.0,0.0,0.0,-4.0,0.0
302,12,14,3000.0,9929,9849,9929,9929,9987,9987,9987,9935,10000,33,47,69,191,273,51,191,236,100,0.0,0.0,0.0,0.0,0.0,0.0,0.0,0.0,0.0
303,12,15,3000.0,9929,9849,9929,9929,9987,9987,9987,9935,10000,33,47,69,191,273,51,191,236,100,0.0,0.0,0.0,0.0,0.0,0.0,0.0,0.0,0.0
304,12,16,3000.0,9929,9849,9929,9929,9987,9987,9987,9935,10000,33,47,69,191,273,51,191,236,100,0.0,0.0,0.0,0.0,0.0,0.0,0.0,0.0,0.0
305,12,17,3000.0,9928,9846,9928,9928,9987,9987,9987,9931,10000,33,47,69,191,273,51,191,236,100,-1.0,-3.0,-1.0,-1.0,0.0,0.0,0.0,-4.0,0.0
306,12,18,3000.0,9928,9846,9928,9928,9987,9987,9987,9931,10000,33,47,69,191,273,51,191,236,100,0.0,0.0,0.0,0.0,0.0,0.0,0.0,0.0,0.0
307,12,19,3000.0,9928,9846,9928,9928,9987,9987,9987,9931,10000,33,47,69,191,273,51,191,236,100,0.0,0.0,0.0,0.0,0.0,0.0,0.0,0.0,0.0
308,12,20,3000.0,9928,9846,9928,9928,9987,9987,9987,9931,10000,33,47,69,191,273,51,191,236,100,0.0,0.0,0.0,0.0,0.0,0.0,0.0,0.0,0.0
309,12,21,3000.0,9927,9843,9927,9927,9987,9987,9987,9927,10000,34,47,69,192,273,51,191,237,100,-1.0,-3.0,-1.0,-1.0,0.0,0.0,0.0,-4.0,0.0
310,12,22,3000.0,9927,9843,9927,9927,9987,9987,9987,9927,10000,34,47,69,192,273,51,191,237,100,0.0,0.0,0.0,0.0,0.0,0.0,0.0,0.0,0.0
311,12,23,3000.0,9927,9843,9927,9927,9987,9987,9987,9927,10000,34,47,69,192,273,51,191,237,100,0.0,0.0,0.0,0.0,0.0,0.0,0.0,0.0,0.0
312,13,0,3000.0,9927,9843,9927,9927,9987,9987,9987,9927,10000,34,47,69,192,273,51,191,237,100,0.0,0.0,0.0,0.0,0.0,0.0,0.0,0.0,0.0
313,13,1,3000.0,9925,9839,9925,9925,9986,9986,9986,9922,10000,34,48,69,193,274,51,193,237,100,-2.0,-4.0,-2.0,-2.0,-1.0,-1.0,-1.0,-5.0,0.0
314,13,2,3000.0,9925,9839,9925,9925,9986,9986,9986,9922,10000,34,48,69,193,274,51,193,237,100,0.0,0.0,0.0,0.0,0.0,0.0,0.0,0.0,0.0
315,13,3,3000.0,9925,9839,9925,9925,9986,9986,9986,9922,10000,34,48,69,193,274,51,193,237,100,0.0,0.0,0.0,0.0,0.0,0.0,0.0,0.0,0.0
316,13,4,3000.0,9925,9839,9925,9925,9986,9986,9986,9922,10000,34,48,69,193,274,51,193,237,100,0.0,0.0,0.0,0.0,0.0,0.0,0.0,0.0,0.0
317,13,5,3000.0,9924,9836,9924,9924,9986,9986,9986,9918,10000,34,48,69,193,274,51,193,238,100,-1.0,-3.0,-1.0,-1.0,0.0,0.0,0.0,-4.0,0.0
318,13,6,3000.0,9924,9836,9924,9924,9986,9986,9986,9918,10000,34,48,69,193,274,51,193,238,100,0.0,0.0,0.0,0.0,0.0,0.0,0.0,0.0,0.0
319,13,7,3000.0,9924,9836,9924,9924,9986,9986,9986,9918,10000,34,48,69,193,274,51,193,238,100,0.0,0.0,0.0,0.0,0.0,0.0,0.0,0.0,0.0
320,13,8,3000.0,9924,9836,9924,9924,9986,9986,9986,9918,10000,34,48,69,193,274,51,193,238,100,0.0,0.0,0.0,0.0,0.0,0.0,0.0,0.0,0.0
321,13,9,3000.0,9923,9833,9923,9923,9986,9986,9986,9914,10000,34,48,69,194,274,51,193,238,100,-1.0,-3.0,-1.0,-1.0,0.0,0.0,0.0,-4.0,0.0
322,13,10,3000.0,9923,9833,9923,9923,9986,9986,9986,9914,10000,34,48,69,194,274,51,193,238,100,0.0,0.0,0.0,0.0,0.0,0.0,0.0,0.0,0.0
323,13,11,3000.0,9923,9833,9923,9923,9986,9986,9986,9914,10000,34,48,69,194,274,51,193,238,100,0.0,0.0,0.0,0.0,0.0,0.0,0.0,0.0,0.0
324,13,12,3000.0,9923,9833,9923,9923,9986,9986,9986,9914,10000,34,48,69,194,274,51,193,238,100,0.0,0.0,0.0,0.0,0.0,0.0,0.0,0.0,0.0
325,13,13,3000.0,9922,9830,9922,9922,9986,9986,9986,9910,10000,34,48,69,194,274,51,193,239,100,-1.0,-3.0,-1.0,-1.0,0.0,0.0,0.0,-4.0,0.0
326,13,14,3000.0,9922,9830,9922,9922,9986,9986,9986,9910,10000,34,48,69,194,274,51,193,239,100,0.0,0.0,0.0,0.0,0.0,0.0,0.0,0.0,0.0
327,13,15,3000.0,9922,9830,9922,9922,9986,9986,9986,9910,10000,34,48,69,194,274,51,193,239,100,0.0,0.0,0.0,0.0,0.0,0.0,0.0,0.0,0.0
328,13,16,3000.0,9922,9830,9922,9922,9986,9986,9986,9910,10000,34,48,69,194,274,51,193,239,100,0.0,0.0,0.0,0.0,0.0,0.0,0.0,0.0,0.0
329,13,17,3000.0,9921,9827,9921,9921,9986,9986,9986,9906,10000,34,48,69,195,274,51,193,239,100,-1.0,-3.0,-1.0,-1.0,0.0,0.0,0.0,-4.0,0.0
330,13,18,3000.0,9921,9827,9921,9921,9986,9986,9986,9906,10000,34,48,69,195,274,51,193,239,100,0.0,0.0,0.0,0.0,0.0,0.0,0.0,0.0,0.0
331,13,19,3000.0,9921,9827,9921,9921,9986,9986,9986,9906,10000,34,48,69,195,274,51,193,239,100,0.0,0.0,0.0,0.0,0.0,0.0,0.0,0.0,0.0
332,13,20,3000.0,9921,9827,9921,9921,9986,9986,9986,9906,10000,34,48,69,195,274,51,193,239,100,0.0,0.0,0.0,0.0,0.0,0.0,0.0,0.0,0.0
333,13,21,3000.0,9920,9824,9920,9920,9986,9986,9986,9902,10000,34,49,70,195,274,51,193,239,100,-1.0,-3.0,-1.0,-1.0,0.0,0.0,0.0,-4.0,0.0
334,13,22,3000.0,9920,9824,9920,9920,9986,9986,9986,9902,10000,34,49,70,195,274,51,193,239,100,0.0,0.0,0.0,0.0,0.0,0.0,0.0,0.0,0.0
335,13,23,3000.0,9920,9824,9920,9920,9986,9986,9986,9902,10000,34,49,70,195,274,51,193,239,100,0.0,0.0,0.0,0.0,0.0,0.0,0.0,0.0,0.0
336,14,0,3000.0,9920,9824,9920,9920,9986,9986,9986,9902,10000,34,49,70,195,274,51,193,239,100,0.0,0.0,0.0,0.0,0.0,0.0,0.0,0.0,0.0
337,14,1,3000.0,9918,9820,9918,9918,9985,9985,9985,9897,10000,34,49,70,196,274,51,194,240,100,-2.0,-4.0,-2.0,-2.0,-1.0,-1.0,-1.0,-5.0,0.0
338,14,2,3000.0,9918,9820,9918,9918,9985,9985,9985,9897,10000,34,49,70,196,274,51,194,240,100,0.0,0.0,0.0,0.0,0.0,0.0,0.0,0.0,0.0
339,14,3,3000.0,9918,9820,9918,9918,9985,9985,9985,9897,10000,34,49,70,196,274,51,194,240,100,0.0,0.0,0.0,0.0,0.0,0.0,0.0,0.0,0.0
340,14,4,3000.0,9918,9820,9918,9918,9985,9985,9985,9897,10000,34,49,70,196,274,51,194,240,100,0.0,0.0,0.0,0.0,0.0,0.0,0.0,0.0,0.0
341,14,5,3000.0,9917,9817,9917,9917,9985,9985,9985,9893,10000,34,49,70,197,274,51,194,240,100,-1.0,-3.0,-1.0,-1.0,0.0,0.0,0.0,-4.0,0.0
342,14,6,3000.0,9917,9817,9917,9917,9985,9985,9985,9893,10000,34,49,70,197,274,51,194,240,100,0.0,0.0,0.0,0.0,0.0,0.0,0.0,0.0,0.0
343,14,7,3000.0,9917,9817,9917,9917,9985,9985,9985,9893,10000,34,49,70,197,274,51,194,240,100,0.0,0.0,0.0,0.0,0.0,0.0,0.0,0.0,0.0
344,14,8,3000.0,9917,9817,9917,9917,9985,9985,9985,9893,10000,34,49,70,197,274,51,194,240,100,0.0,0.0,0.0,0.0,0.0,0.0,0.0,0.0,0.0
345,14,9,3000.0,9916,9814,9916,9916,9985,9985,9985,9889,10000,34,49,70,197,274,51,194,240,100,-1.0,-3.0,-1.0,-1.0,0.0,0.0,0.0,-4.0,0.0
346,14,10,3000.0,9916,9814,9916,9916,9985,9985,9985,9889,10000,34,49,70,197,274,51,194,240,100,0.0,0.0,0.0,0.0,0.0,0.0,0.0,0.0,0.0
347,14,11,3000.0,9916,9814,9916,9916,9985,9985,9985,9889,10000,34,49,70,197,274,51,194,240,100,0.0,0.0,0.0,0.0,0.0,0.0,0.0,0.0,0.0
348,14,12,3000.0,9916,9814,9916,9916,9985,9985,9985,9889,10000,34,49,70,197,274,51,194,240,100,0.0,0.0,0.0,0.0,0.0,0.0,0.0,0.0,0.0
349,14,13,3000.0,9915,9811,9915,9915,9985,9985,9985,9885,10000,34,50,70,197,274,51,194,241,100,-1.0,-3.0,-1.0,-1.0,0.0,0.0,0.0,-4.0,0.0
350,14,14,3000.0,9915,9811,9915,9915,9985,9985,9985,9885,10000,34,50,70,197,274,51,194,241,100,0.0,0.0,0.0,0.0,0.0,0.0,0.0,0.0,0.0
351,14,15,3000.0,9915,9811,9915,9915,9985,9985,9985,9885,10000,34,50,70,197,274,51,194,241,100,0.0,0.0,0.0,0.0,0.0,0.0,0.0,0.0,0.0
352,14,16,3000.0,9915,9811,9915,9915,9985,9985,9985,9885,10000,34,50,70,197,274,51,194,241,100,0.0,0.0,0.0,0.0,0.0,0.0,0.0,0.0,0.0
353,14,17,3000.0,9914,9808,9914,9914,9985,9985,9985,9881,10000,34,50,70,198,274,51,194,241,100,-1.0,-3.0,-1.0,-1.0,0.0,0.0,0.0,-4.0,0.0
354,14,18,3000.0,9914,9808,9914,9914,9985,9985,9985,9881,10000,34,50,70,198,274,51,194,241,100,0.0,0.0,0.0,0.0,0.0,0.0,0.0,0.0,0.0
355,14,19,3000.0,9914,9808,9914,9914,9985,9985,9985,9881,10000,34,50,70,198,274,51,194,241,100,0.0,0.0,0.0,0.0,0.0,0.0,0.0,0.0,0.0
356,14,20,3000.0,9914,9808,9914,9914,9985,9985,9985,9881,10000,34,50,70,198,274,51,194,241,100,0.0,0.0,0.0,0.0,0.0,0.0,0.0,0.0,0.0
357,14,21,3000.0,9913,9805,9913,9913,9985,9985,9985,9877,10000,34,50,70,198,274,51,194,241,100,-1.0,-3.0,-1.0,-1.0,0.0,0.0,0.0,-4.0,0.0
358,14,22,3000.0,9913,9805,9913,9913,9985,9985,9985,9877,10000,34,50,70,198,274,51,194,241,100,0.0,0.0,0.0,0.0,0.0,0.0,0.0,0.0,0.0
359,14,23,3000.0,9913,9805,9913,9913,9985,9985,9985,9877,10000,34,50,70,198,274,51,194,241,100,0.0,0.0,0.0,0.0,0.0,0.0,0.0,0.0,0.0
360,15,0,3000.0,9913,9805,9913,9913,9985,9985,9985,9877,10000,34,50,70,198,274,51,194,241,100,0.0,0.0,0.0,0.0,0.0,0.0,0.0,0.0,0.0
361,15,1,3000.0,9911,9799,9911,9911,9984,9984,9984,9872,10000,34,51,71,199,275,51,195,242,100,-2.0,-6.0,-2.0,-2.0,-1.0,-1.0,-1.0,-5.0,0.0
362,15,2,3000.0,9911,9799,9911,9911,9984,9984,9984,9872,10000,34,51,71,199,275,51,195,242,100,0.0,0.0,0.0,0.0,0.0,0.0,0.0,0.0,0.0
363,15,3,3000.0,9911,9799,9911,9911,9984,9984,9984,9872,10000,34,51,71,199,275,51,195,242,100,0.0,0.0,0.0,0.0,0.0,0.0,0.0,0.0,0.0
364,15,4,3000.0,9911,9799,9911,9911,9984,9984,9984,9872,10000,34,51,71,199,275,51,195,242,100,0.0,0.0,0.0,0.0,0.0,0.0,0.0,0.0,0.0
365,15,5,3000.0,9910,9794,9910,9910,9984,9984,9984,9868,10000,34,51,71,200,275,51,195,242,100,-1.0,-5.0,-1.0,-1.0,0.0,0.0,0.0,-4.0,0.0
366,15,6,3000.0,9910,9794,9910,9910,9984,9984,9984,9868,10000,34,51,71,200,275,51,195,242,100,0.0,0.0,0.0,0.0,0.0,0.0,0.0,0.0,0.0
367,15,7,3000.0,9910,9794,9910,9910,9984,9984,9984,9868,10000,34,51,71,200,275,51,195,242,100,0.0,0.0,0.0,0.0,0.0,0.0,0.0,0.0,0.0
368,15,8,3000.0,9910,9794,9910,9910,9984,9984,9984,9868,10000,34,51,71,200,275,51,195,242,100,0.0,0.0,0.0,0.0,0.0,0.0,0.0,0.0,0.0
369,15,9,3000.0,9909,9789,9909,9909,9984,9984,9984,9864,10000,35,51,71,200,275,51,195,242,100,-1.0,-5.0,-1.0,-1.0,0.0,0.0,0.0,-4.0,0.0
370,15,10,3000.0,9909,9789,9909,9909,9984,9984,9984,9864,10000,35,51,71,200,275,51,195,242,100,0.0,0.0,0.0,0.0,0.0,0.0,0.0,0.0,0.0
371,15,11,3000.0,9909,9789,9909,9909,9984,9984,9984,9864,10000,35,51,71,200,275,51,195,242,100,0.0,0.0,0.0,0.0,0.0,0.0,0.0,0.0,0.0
372,15,12,3000.0,9909,9789,9909,9909,9984,9984,9984,9864,10000,35,51,71,200,275,51,195,242,100,0.0,0.0,0.0,0.0,0.0,0.0,0.0,0.0,0.0
373,15,13,3000.0,9908,9784,9908,9908,9984,9984,9984,9860,10000,35,52,71,201,275,51,195,242,100,-1.0,-5.0,-1.0,-1.0,0.0,0.0,0.0,-4.0,0.0
374,15,14,3000.0,9908,9784,9908,9908,9984,9984,9984,9860,10000,35,52,71,201,275,51,195,242,100,0.0,0.0,0.0,0.0,0.0,0.0,0.0,0.0,0.0
375,15,15,3000.0,9908,9784,9908,9908,9984,9984,9984,9860,10000,35,52,71,201,275,51,195,242,100,0.0,0.0,0.0,0.0,0.0,0.0,0.0,0.0,0.0
376,15,16,3000.0,9908,9784,9908,9908,9984,9984,9984,9860,10000,35,52,71,201,275,51,195,242,100,0.0,0.0,0.0,0.0,0.0,0.0,0.0,0.0,0.0
377,15,17,3000.0,9907,9779,9907,9907,9984,9984,9984,9856,10000,35,52,71,201,275,51,195,243,100,-1.0,-5.0,-1.0,-1.0,0.0,0.0,0.0,-4.0,0.0
378,15,18,3000.0,9907,9779,9907,9907,9984,9984,9984,9856,10000,35,52,71,201,275,51,195,243,100,0.0,0.0,0.0,0.0,0.0,0.0,0.0,0.0,0.0
379,15,19,3000.0,9907,9779,9907,9907,9984,9984,9984,9856,10000,35,52,71,201,275,51,195,243,100,0.0,0.0,0.0,0.0,0.0,0.0,0.0,0.0,0.0
380,15,20,3000.0,9907,9779,9907,9907,9984,9984,9984,9856,10000,35,52,71,201,275,51,195,243,100,0.0,0.0,0.0,0.0,0.0,0.0,0.0,0.0,0.0
381,15,21,3000.0,9906,9774,9906,9906,9984,9984,9984,9852,10000,35,53,71,201,275,51,195,243,100,-1.0,-5.0,-1.0,-1.0,0.0,0.0,0.0,-4.0,0.0
382,15,22,3000.0,9906,9774,9906,9906,9984,9984,9984,9852,10000,35,53,71,201,275,51,195,243,100,0.0,0.0,0.0,0.0,0.0,0.0,0.0,0.0,0.0
383,15,23,3000.0,9906,9774,9906,9906,9984,9984,9984,9852,10000,35,53,71,201,275,51,195,243,100,0.0,0.0,0.0,0.0,0.0,0.0,0.0,0.0,0.0
384,16,0,3000.0,9906,9774,9906,9906,9984,9984,9984,9852,10000,35,53,71,201,275,51,195,243,100,0.0,0.0,0.0,0.0,0.0,0.0,0.0,0.0,0.0
385,16,1,3000.0,9904,9768,9904,9904,9983,9983,9983,9847,10000,35,53,72,202,275,51,196,243,100,-2.0,-6.0,-2.0,-2.0,-1.0,-1.0,-1.0,-5.0,0.0
386,16,2,3000.0,9904,9768,9904,9904,9983,9983,9983,9847,10000,35,53,72,202,275,51,196,243,100,0.0,0.0,0.0,0.0,0.0,0.0,0.0,0.0,0.0
387,16,3,3000.0,9904,9768,9904,9904,9983,9983,9983,9847,10000,35,53,72,202,275,51,196,243,100,0.0,0.0,0.0,0.0,0.0,0.0,0.0,0.0,0.0
388,16,4,3000.0,9904,9768,9904,9904,9983,9983,9983,9847,10000,35,53,72,202,275,51,196,243,100,0.0,0.0,0.0,0.0,0.0,0.0,0.0,0.0,0.0
389,16,5,3000.0,9903,9763,9903,9903,9983,9983,9983,9843,10000,35,53,72,203,275,51,196,243,100,-1.0,-5.0,-1.0,-1.0,0.0,0.0,0.0,-4.0,0.0
390,16,6,3000.0,9903,9763,9903,9903,9983,9983,9983,9843,10000,35,53,72,203,275,51,196,243,100,0.0,0.0,0.0,0.0,0.0,0.0,0.0,0.0,0.0
391,16,7,3000.0,9903,9763,9903,9903,9983,9983,9983,9843,10000,35,53,72,203,275,51,196,243,100,0.0,0.0,0.0,0.0,0.0,0.0,0.0,0.0,0.0
392,16,8,3000.0,9903,9763,9903,9903,9983,9983,9983,9843,10000,35,53,72,203,275,51,196,243,100,0.0,0.0,0.0,0.0,0.0,0.0,0.0,0.0,0.0
393,16,9,3000.0,9902,9758,9902,9902,9983,9983,9983,9839,10000,35,54,72,203,275,51,196,244,100,-1.0,-5.0,-1.0,-1.0,0.0,0.0,0.0,-4.0,0.0
394,16,10,3000.0,9902,9758,9902,9902,9983,9983,9983,9839,10000,35,54,72,203,275,51,196,244,100,0.0,0.0,0.0,0.0,0.0,0.0,0.0,0.0,0.0
395,16,11,3000.0,9902,9758,9902,9902,9983,9983,9983,9839,10000,35,54,72,203,275,51,196,244,100,0.0,0.0,0.0,0.0,0.0,0.0,0.0,0.0,0.0
396,16,12,3000.0,9902,9758,9902,9902,9983,9983,9983,9839,10000,35,54,72,203,275,51,196,244,100,0.0,0.0,0.0,0.0,0.0,0.0,0.0,0.0,0.0
397,16,13,3000.0,9901,9753,9901,9901,9983,9983,9983,9835,10000,35,54,72,204,275,51,196,244,100,-1.0,-5.0,-1.0,-1.0,0.0,0.0,0.0,-4.0,0.0
398,16,14,3000.0,9901,9753,9901,9901,9983,9983,9983,9835,10000,35,54,72,204,275,51,196,244,100,0.0,0.0,0.0,0.0,0.0,0.0,0.0,0.0,0.0
399,16,15,3000.0,9901,9753,9901,9901,9983,9983,9983,9835,10000,35,54,72,204,275,51,196,244,100,0.0,0.0,0.0,0.0,0.0,0.0,0.0,0.0,0.0
400,16,16,3000.0,9901,9753,9901,9901,9983,9983,9983,9835,10000,35,54,72,204,275,51,196,244,100,0.0,0.0,0.0,0.0,0.0,0.0,0.0,0.0,0.0
401,16,17,3000.0,9900,9748,9900,9900,9983,9983,9983,9831,10000,35,55,72,204,275,51,196,244,100,-1.0,-5.0,-1.0,-1.0,0.0,0.0,0.0,-4.0,0.0
402,16,18,3000.0,9900,9748,9900,9900,9983,9983,9983,9831,10000,35,55,72,204,275,51,196,244,100,0.0,0.0,0.0,0.0,0.0,0.0,0.0,0.0,0.0
403,16,19,3000.0,9900,9748,9900,9900,9983,9983,9983,9831,10000,35,55,72,204,275,51,196,244,100,0.0,0.0,0.0,0.0,0.0,0.0,0.0,0.0,0.0
404,16,20,3000.0,9900,9748,9900,9900,9983,9983,9983,9831,10000,35,55,72,204,275,51,196,244,100,0.0,0.0,0.0,0.0,0.0,0.0,0.0,0.0,0.0
405,16,21,3000.0,9899,9743,9899,9899,9983,9983,9983,9827,10000,35,55,72,204,275,51,196,244,100,-1.0,-5.0,-1.0,-1.0,0.0,0.0,0.0,-4.0,0.0
406,16,22,3000.0,9899,9743,9899,9899,9983,9983,9983,9827,10000,35,55,72,204,275,51,196,244,100,0.0,0.0,0.0,0.0,0.0,0.0,0.0,0.0,0.0
407,16,23,3000.0,9899,9743,9899,9899,9983,9983,9983,9827,10000,35,55,72,204,275,51,196,244,100,0.0,0.0,0.0,0.0,0.0,0.0,0.0,0.0,0.0
408,17,0,3000.0,9899,9743,9899,9899,9983,9983,9983,9827,10000,35,55,72,204,275,51,196,244,100,0.0,0.0,0.0,0.0,0.0,0.0,0.0,0.0,0.0
409,17,1,3000.0,9897,9737,9897,9897,9982,9982,9982,9822,10000,35,55,72,205,276,51,197,244,100,-2.0,-6.0,-2.0,-2.0,-1.0,-1.0,-1.0,-5.0,0.0
410,17,2,3000.0,9897,9737,9897,9897,9982,9982,9982,9822,10000,35,55,72,205,276,51,197,244,100,0.0,0.0,0.0,0.0,0.0,0.0,0.0,0.0,0.0
411,17,3,3000.0,9897,9737,9897,9897,9982,9982,9982,9822,10000,35,55,72,205,276,51,197,244,100,0.0,0.0,0.0,0.0,0.0,0.0,0.0,0.0,0.0
412,17,4,3000.0,9897,9737,9897,9897,9982,9982,9982,9822,10000,35,55,72,205,276,51,197,244,100,0.0,0.0,0.0,0.0,0.0,0.0,0.0,0.0,0.0
413,17,5,3000.0,9896,9732,9896,9896,9982,9982,9982,9818,10000,35,56,72,206,276,51,197,245,100,-1.0,-5.0,-1.0,-1.0,0.0,0.0,0.0,-4.0,0.0
414,17,6,3000.0,9896,9732,9896,9896,9982,9982,9982,9818,10000,35,56,72,206,276,51,197,245,100,0.0,0.0,0.0,0.0,0.0,0.0,0.0,0.0,0.0
415,17,7,3000.0,9896,9732,9896,9896,9982,9982,9982,9818,10000,35,56,72,206,276,51,197,245,100,0.0,0.0,0.0,0.0,0.0,0.0,0.0,0.0,0.0
416,17,8,3000.0,9896,9732,9896,9896,9982,9982,9982,9818,10000,35,56,72,206,276,51,197,245,100,0.0,0.0,0.0,0.0,0.0,0.0,0.0,0.0,0.0
417,17,9,3000.0,9895,9727,9895,9895,9982,9982,9982,9814,10000,35,56,73,206,276,51,197,245,100,-1.0,-5.0,-1.0,-1.0,0.0,0.0,0.0,-4.0,0.0
418,17,10,3000.0,9895,9727,9895,9895,9982,9982,9982,9814,10000,35,56,73,206,276,51,197,245,100,0.0,0.0,0.0,0.0,0.0,0.0,0.0,0.0,0.0
419,17,11,3000.0,9895,9727,9895,9895,9982,9982,9982,9814,10000,35,56,73,206,276,51,197,245,100,0.0,0.0,0.0,0.0,0.0,0.0,0.0,0.0,0.0
420,17,12,3000.0,9895,9727,9895,9895,9982,9982,9982,9814,10000,35,56,73,206,276,51,197,245,100,0.0,0.0,0.0,0.0,0.0,0.0,0.0,0.0,0.0
421,17,13,3000.0,9894,9722,9894,9894,9982,9982,9982,9810,10000,35,57,73,206,276,51,197,245,100,-1.0,-5.0,-1.0,-1.0,0.0,0.0,0.0,-4.0,0.0
422,17,14,3000.0,9894,9722,9894,9894,9982,9982,9982,9810,10000,35,57,73,206,276,51,197,245,100,0.0,0.0,0.0,0.0,0.0,0.0,0.0,0.0,0.0
423,17,15,3000.0,9894,9722,9894,9894,9982,9982,9982,9810,10000,35,57,73,206,276,51,197,245,100,0.0,0.0,0.0,0.0,0.0,0.0,0.0,0.0,0.0
424,17,16,3000.0,9894,9722,9894,9894,9982,9982,9982,9810,10000,35,57,73,206,276,51,197,245,100,0.0,0.0,0.0,0.0,0.0,0.0,0.0,0.0,0.0
425,17,17,3000.0,9893,9717,9893,9893,9982,9982,9982,9806,10000,35,57,73,207,276,51,197,245,100,-1.0,-5.0,-1.0,-1.0,0.0,0.0,0.0,-4.0,0.0
426,17,18,3000.0,9893,9717,9893,9893,9982,9982,9982,9806,10000,35,57,73,207,276,51,197,245,100,0.0,0.0,0.0,0.0,0.0,0.0,0.0,0.0,0.0
427,17,19,3000.0,9893,9717,9893,9893,9982,9982,9982,9806,10000,35,57,73,207,276,51,197,245,100,0.0,0.0,0.0,0.0,0.0,0.0,0.0,0.0,0.0
428,17,20,3000.0,9893,9717,9893,9893,9982,9982,9982,9806,10000,35,57,73,207,276,51,197,245,100,0.0,0.0,0.0,0.0,0.0,0.0,0.0,0.0,0.0
429,17,21,3000.0,9892,9712,9892,9892,9982,9982,9982,9802,10000,35,57,73,207,276,51,197,245,100,-1.0,-5.0,-1.0,-1.0,0.0,0.0,0.0,-4.0,0.0
430,17,22,3000.0,9892,9712,9892,9892,9982,9982,9982,9802,10000,35,57,73,207,276,51,197,245,100,0.0,0.0,0.0,0.0,0.0,0.0,0.0,0.0,0.0
431,17,23,3000.0,9892,9712,9892,9892,9982,9982,9982,9802,10000,35,57,73,207,276,51,197,245,100,0.0,0.0,0.0,0.0,0.0,0.0,0.0,0.0,0.0
432,18,0,3000.0,9892,9712,9892,9892,9982,9982,9982,9802,10000,35,57,73,207,276,51,197,245,100,0.0,0.0,0.0,0.0,0.0,0.0,0.0,0.0,0.0
433,18,1,3000.0,9890,9704,9890,9890,9981,9981,9981,9797,10000,35,58,73,208,276,51,198,246,100,-2.0,-8.0,-2.0,-2.0,-1.0,-1.0,-1.0,-5.0,0.0
434,18,2,3000.0,9890,9704,9890,9890,9981,9981,9981,9797,10000,35,58,73,208,276,51,198,246,100,0.0,0.0,0.0,0.0,0.0,0.0,0.0,0.0,0.0
435,18,3,3000.0,9890,9704,9890,9890,9981,9981,9981,9797,10000,35,58,73,208,276,51,198,246,100,0.0,0.0,0.0,0.0,0.0,0.0,0.0,0.0,0.0
436,18,4,3000.0,9890,9704,9890,9890,9981,9981,9981,9797,10000,35,58,73,208,276,51,198,246,100,0.0,0.0,0.0,0.0,0.0,0.0,0.0,0.0,0.0
437,18,5,3000.0,9889,9697,9889,9889,9981,9981,9981,9793,10000,36,59,73,208,276,51,198,246,100,-1.0,-7.0,-1.0,-1.0,0.0,0.0,0.0,-4.0,0.0
438,18,6,3000.0,9889,9697,9889,9889,9981,9981,9981,9793,10000,36,59,73,208,276,51,198,246,100,0.0,0.0,0.0,0.0,0.0,0.0,0.0,0.0,0.0
439,18,7,3000.0,9889,9697,9889,9889,9981,9981,9981,9793,10000,36,59,73,208,276,51,198,246,100,0.0,0.0,0.0,0.0,0.0,0.0,0.0,0.0,0.0
440,18,8,3000.0,9889,9697,9889,9889,9981,9981,9981,9793,10000,36,59,73,208,276,51,198,246,100,0.0,0.0,0.0,0.0,0.0,0.0,0.0,0.0,0.0
441,18,9,3000.0,9888,9690,9888,9888,9981,9981,9981,9789,10000,36,59,73,209,276,51,198,246,100,-1.0,-7.0,-1.0,-1.0,0.0,0.0,0.0,-4.0,0.0
442,18,10,3000.0,9888,9690,9888,9888,9981,9981,9981,9789,10000,36,59,73,209,276,51,198,246,100,0.0,0.0,0.0,0.0,0.0,0.0,0.0,0.0,0.0
443,18,11,3000.0,9888,9690,9888,9888,9981,9981,9981,9789,10000,36,59,73,209,276,51,198,246,100,0.0,0.0,0.0,0.0,0.0,0.0,0.0,0.0,0.0
444,18,12,3000.0,9888,9690,9888,9888,9981,9981,9981,9789,10000,36,59,73,209,276,51,198,246,100,0.0,0.0,0.0,0.0,0.0,0.0,0.0,0.0,0.0
445,18,13,3000.0,9887,9683,9887,9887,9981,9981,9981,9785,10000,36,60,74,209,276,51,198,246,100,-1.0,-7.0,-1.0,-1.0,0.0,0.0,0.0,-4.0,0.0
446,18,14,3000.0,9887,9683,9887,9887,9981,9981,9981,9785,10000,36,60,74,209,276,51,198,246,100,0.0,0.0,0.0,0.0,0.0,0.0,0.0,0.0,0.0
447,18,15,3000.0,9887,9683,9887,9887,9981,9981,9981,9785,10000,36,60,74,209,276,51,198,246,100,0.0,0.0,0.0,0.0,0.0,0.0,0.0,0.0,0.0
448,18,16,3000.0,9887,9683,9887,9887,9981,9981,9981,9785,10000,36,60,74,209,276,51,198,246,100,0.0,0.0,0.0,0.0,0.0,0.0,0.0,0.0,0.0
449,18,17,3000.0,9886,9676,9886,9886,9981,9981,9981,9781,10000,36,60,74,210,276,51,198,246,100,-1.0,-7.0,-1.0,-1.0,0.0,0.0,0.0,-4.0,0.0
450,18,18,3000.0,9886,9676,9886,9886,9981,9981,9981,9781,10000,36,60,74,210,276,51,198,246,100,0.0,0.0,0.0,0.0,0.0,0.0,0.0,0.0,0.0
451,18,19,3000.0,9886,9676,9886,9886,9981,9981,9981,9781,10000,36,60,74,210,276,51,198,246,100,0.0,0.0,0.0,0.0,0.0,0.0,0.0,0.0,0.0
452,18,20,3000.0,9886,9676,9886,9886,9981,9981,9981,9781,10000,36,60,74,210,276,51,198,246,100,0.0,0.0,0.0,0.0,0.0,0.0,0.0,0.0,0.0
453,18,21,3000.0,9885,9669,9885,9885,9981,9981,9981,9777,10000,36,61,74,210,276,51,198,246,100,-1.0,-7.0,-1.0,-1.0,0.0,0.0,0.0,-4.0,0.0
454,18,22,3000.0,9885,9669,9885,9885,9981,9981,9981,9777,10000,36,61,74,210,276,51,198,246,100,0.0,0.0,0.0,0.0,0.0,0.0,0.0,0.0,0.0
455,18,23,3000.0,9885,9669,9885,9885,9981,9981,9981,9777,10000,36,61,74,210,276,51,198,246,100,0.0,0.0,0.0,0.0,0.0,0.0,0.0,0.0,0.0
456,19,0,3000.0,9885,9669,9885,9885,9981,9981,9981,9777,10000,36,61,74,210,276,51,198,246,100,0.0,0.0,0.0,0.0,0.0,0.0,0.0,0.0,0.0
457,19,1,3000.0,9883,9661,9883,9883,9980,9980,9980,9772,10000,36,61,74,211,277,51,199,247,100,-2.0,-8.0,-2.0,-2.0,-1.0,-1.0,-1.0,-5.0,0.0
458,19,2,3000.0,9883,9661,9883,9883,9980,9980,9980,9772,10000,36,61,74,211,277,51,199,247,100,0.0,0.0,0.0,0.0,0.0,0.0,0.0,0.0,0.0
459,19,3,3000.0,9883,9661,9883,9883,9980,9980,9980,9772,10000,36,61,74,211,277,51,199,247,100,0.0,0.0,0.0,0.0,0.0,0.0,0.0,0.0,0.0
460,19,4,3000.0,9883,9661,9883,9883,9980,9980,9980,9772,10000,36,61,74,211,277,51,199,247,100,0.0,0.0,0.0,0.0,0.0,0.0,0.0,0.0,0.0
461,19,5,3000.0,9882,9654,9882,9882,9980,9980,9980,9768,10000,36,62,74,211,277,51,199,247,100,-1.0,-7.0,-1.0,-1.0,0.0,0.0,0.0,-4.0,0.0
462,19,6,3000.0,9882,9654,9882,9882,9980,9980,9980,9768,10000,36,62,74,211,277,51,199,247,100,0.0,0.0,0.0,0.0,0.0,0.0,0.0,0.0,0.0
463,19,7,3000.0,9882,9654,9882,9882,9980,9980,9980,9768,10000,36,62,74,211,277,51,199,247,100,0.0,0.0,0.0,0.0,0.0,0.0,0.0,0.0,0.0
464,19,8,3000.0,9882,9654,9882,9882,9980,9980,9980,9768,10000,36,62,74,211,277,51,199,247,100,0.0,0.0,0.0,0.0,0.0,0.0,0.0,0.0,0.0
465,19,9,3000.0,9881,9647,9881,9881,9980,9980,9980,9764,10000,36,62,74,212,277,51,199,247,100,-1.0,-7.0,-1.0,-1.0,0.0,0.0,0.0,-4.0,0.0
466,19,10,3000.0,9881,9647,9881,9881,9980,9980,9980,9764,10000,36,62,74,212,277,51,199,247,100,0.0,0.0,0.0,0.0,0.0,0.0,0.0,0.0,0.0
467,19,11,3000.0,9881,9647,9881,9881,9980,9980,9980,9764,10000,36,62,74,212,277,51,199,247,100,0.0,0.0,0.0,0.0,0.0,0.0,0.0,0.0,0.0
468,19,12,3000.0,9881,9647,9881,9881,9980,9980,9980,9764,10000,36,62,74,212,277,51,199,247,100,0.0,0.0,0.0,0.0,0.0,0.0,0.0,0.0,0.0
469,19,13,3000.0,9880,9640,9880,9880,9980,9980,9980,9760,10000,36,63,74,212,277,51,199,247,100,-1.0,-7.0,-1.0,-1.0,0.0,0.0,0.0,-4.0,0.0
470,19,14,3000.0,9880,9640,9880,9880,9980,9980,9980,9760,10000,36,63,74,212,277,51,199,247,100,0.0,0.0,0.0,0.0,0.0,0.0,0.0,0.0,0.0
471,19,15,3000.0,9880,9640,9880,9880,9980,9980,9980,9760,10000,36,63,74,212,277,51,199,247,100,0.0,0.0,0.0,0.0,0.0,0.0,0.0,0.0,0.0
472,19,16,3000.0,9880,9640,9880,9880,9980,9980,9980,9760,10000,36,63,74,212,277,51,199,247,100,0.0,0.0,0.0,0.0,0.0,0.0,0.0,0.0,0.0
473,19,17,3000.0,9879,9633,9879,9879,9980,9980,9980,9756,10000,36,64,75,212,277,51,199,247,100,-1.0,-7.0,-1.0,-1.0,0.0,0.0,0.0,-4.0,0.0
474,19,18,3000.0,9879,9633,9879,9879,9980,9980,9980,9756,10000,36,64,75,212,277,51,199,247,100,0.0,0.0,0.0,0.0,0.0,0.0,0.0,0.0,0.0
475,19,19,3000.0,9879,9633,9879,9879,9980,9980,9980,9756,10000,36,64,75,212,277,51,199,247,100,0.0,0.0,0.0,0.0,0.0,0.0,0.0,0.0,0.0
476,19,20,3000.0,9879,9633,9879,9879,9980,9980,9980,9756,10000,36,64,75,212,277,51,199,247,100,0.0,0.0,0.0,0.0,0.0,0.0,0.0,0.0,0.0
477,19,21,3000.0,9878,9626,9878,9878,9980,9980,9980,9752,10000,36,64,75,213,277,51,199,247,100,-1.0,-7.0,-1.0,-1.0,0.0,0.0,0.0,-4.0,0.0
478,19,22,3000.0,9878,9626,9878,9878,9980,9980,9980,9752,10000,36,64,75,213,277,51,199,247,100,0.0,0.0,0.0,0.0,0.0,0.0,0.0,0.0,0.0
479,19,23,3000.0,9878,9626,9878,9878,9980,9980,9980,9752,10000,36,64,75,213,277,51,199,247,100,0.0,0.0,0.0,0.0,0.0,0.0,0.0,0.0,0.0
480,20,0,3000.0,9878,9626,9878,9878,9980,9980,9980,9752,10000,36,64,75,213,277,51,199,247,100,0.0,0.0,0.0,0.0,0.0,0.0,0.0,0.0,0.0
481,20,1,3000.0,9876,9618,9876,9876,9979,9979,9979,9747,10000,36,65,75,214,277,51,200,247,100,-2.0,-8.0,-2.0,-2.0,-1.0,-1.0,-1.0,-5.0,0.0
482,20,2,3000.0,9876,9618,9876,9876,9979,9979,9979,9747,10000,36,65,75,214,277,51,200,247,100,0.0,0.0,0.0,0.0,0.0,0.0,0.0,0.0,0.0
483,20,3,3000.0,9876,9618,9876,9876,9979,9979,9979,9747,10000,36,65,75,214,277,51,200,247,100,0.0,0.0,0.0,0.0,0.0,0.0,0.0,0.0,0.0
484,20,4,3000.0,9876,9618,9876,9876,9979,9979,9979,9747,10000,36,65,75,214,277,51,200,247,100,0.0,0.0,0.0,0.0,0.0,0.0,0.0,0.0,0.0
485,20,5,3000.0,9875,9611,9875,9875,9979,9979,9979,9743,10000,36,65,75,214,277,51,200,248,100,-1.0,-7.0,-1.0,-1.0,0.0,0.0,0.0,-4.0,0.0
486,20,6,3000.0,9875,9611,9875,9875,9979,9979,9979,9743,10000,36,65,75,214,277,51,200,248,100,0.0,0.0,0.0,0.0,0.0,0.0,0.0,0.0,0.0
487,20,7,3000.0,9875,9611,9875,9875,9979,9979,9979,9743,10000,36,65,75,214,277,51,200,248,100,0.0,0.0,0.0,0.0,0.0,0.0,0.0,0.0,0.0
488,20,8,3000.0,9875,9611,9875,9875,9979,9979,9979,9743,10000,36,65,75,214,277,51,200,248,100,0.0,0.0,0.0,0.0,0.0,0.0,0.0,0.0,0.0
489,20,9,3000.0,9874,9604,9874,9874,9979,9979,9979,9739,10000,36,66,75,214,277,51,200,248,100,-1.0,-7.0,-1.0,-1.0,0.0,0.0,0.0,-4.0,0.0
490,20,10,3000.0,9874,9604,9874,9874,9979,9979,9979,9739,10000,36,66,75,214,277,51,200,248,100,0.0,0.0,0.0,0.0,0.0,0.0,0.0,0.0,0.0
491,20,11,3000.0,9874,9604,9874,9874,9979,9979,9979,9739,10000,36,66,75,214,277,51,200,248,100,0.0,0.0,0.0,0.0,0.0,0.0,0.0,0.0,0.0
492,20,12,3000.0,9874,9604,9874,9874,9979,9979,9979,9739,10000,36,66,75,214,277,51,200,248,100,0.0,0.0,0.0,0.0,0.0,0.0,0.0,0.0,0.0
493,20,13,3000.0,9873,9597,9873,9873,9979,9979,9979,9735,10000,36,66,75,215,277,51,200,248,100,-1.0,-7.0,-1.0,-1.0,0.0,0.0,0.0,-4.0,0.0
494,20,14,3000.0,9873,9597,9873,9873,9979,9979,9979,9735,10000,36,66,75,215,277,51,200,248,100,0.0,0.0,0.0,0.0,0.0,0.0,0.0,0.0,0.0
495,20,15,3000.0,9873,9597,9873,9873,9979,9979,9979,9735,10000,36,66,75,215,277,51,200,248,100,0.0,0.0,0.0,0.0,0.0,0.0,0.0,0.0,0.0
496,20,16,3000.0,9873,9597,9873,9873,9979,9979,9979,9735,10000,36,66,75,215,277,51,200,248,100,0.0,0.0,0.0,0.0,0.0,0.0,0.0,0.0,0.0
497,20,17,3000.0,9872,9590,9872,9872,9979,9979,9979,9731,10000,36,67,75,215,277,51,200,248,100,-1.0,-7.0,-1.0,-1.0,0.0,0.0,0.0,-4.0,0.0
498,20,18,3000.0,9872,9590,9872,9872,9979,9979,9979,9731,10000,36,67,75,215,277,51,200,248,100,0.0,0.0,0.0,0.0,0.0,0.0,0.0,0.0,0.0
499,20,19,3000.0,9872,9590,9872,9872,9979,9979,9979,9731,10000,36,67,75,215,277,51,200,248,100,0.0,0.0,0.0,0.0,0.0,0.0,0.0,0.0,0.0
500,20,20,3000.0,9872,9590,9872,9872,9979,9979,9979,9731,10000,36,67,75,215,277,51,200,248,100,0.0,0.0,0.0,0.0,0.0,0.0,0.0,0.0,0.0
501,20,21,3000.0,9871,9583,9871,9871,9979,9979,9979,9727,10000,36,67,75,215,277,51,200,248,100,-1.0,-7.0,-1.0,-1.0,0.0,0.0,0.0,-4.0,0.0
502,20,22,3000.0,9871,9583,9871,9871,9979,9979,9979,9727,10000,36,67,75,215,277,51,200,248,100,0.0,0.0,0.0,0.0,0.0,0.0,0.0,0.0,0.0
503,20,23,3000.0,9871,9583,9871,9871,9979,9979,9979,9727,10000,36,67,75,215,277,51,200,248,100,0.0,0.0,0.0,0.0,0.0,0.0,0.0,0.0,0.0
504,21,0,3000.0,9871,9583,9871,9871,9979,9979,9979,9727,10000,36,67,75,215,277,51,200,248,100,0.0,0.0,0.0,0.0,0.0,0.0,0.0,0.0,0.0
505,21,1,3000.0,9868,9574,9868,9868,9978,9978,9978,9722,10000,36,68,76,217,277,51,201,248,100,-3.0,-9.0,-3.0,-3.0,-1.0,-1.0,-1.0,-5.0,0.0
506,21,2,3000.0,9868,9574,9868,9868,9978,9978,9978,9722,10000,36,68,76,217,277,51,201,248,100,0.0,0.0,0.0,0.0,0.0,0.0,0.0,0.0,0.0
507,21,3,3000.0,9868,9574,9868,9868,9978,9978,9978,9722,10000,36,68,76,217,277,51,201,248,100,0.0,0.0,0.0,0.0,0.0,0.0,0.0,0.0,0.0
508,21,4,3000.0,9868,9574,9868,9868,9978,9978,9978,9722,10000,36,68,76,217,277,51,201,248,100,0.0,0.0,0.0,0.0,0.0,0.0,0.0,0.0,0.0
509,21,5,3000.0,9866,9566,9866,9866,9978,9978,9978,9718,10000,37,69,76,217,277,51,201,248,100,-2.0,-8.0,-2.0,-2.0,0.0,0.0,0.0,-4.0,0.0
510,21,6,3000.0,9866,9566,9866,9866,9978,9978,9978,9718,10000,37,69,76,217,277,51,201,248,100,0.0,0.0,0.0,0.0,0.0,0.0,0.0,0.0,0.0
511,21,7,3000.0,9866,9566,9866,9866,9978,9978,9978,9718,10000,37,69,76,217,277,51,201,248,100,0.0,0.0,0.0,0.0,0.0,0.0,0.0,0.0,0.0
512,21,8,3000.0,9866,9566,9866,9866,9978,9978,9978,9718,10000,37,69,76,217,277,51,201,248,100,0.0,0.0,0.0,0.0,0.0,0.0,0.0,0.0,0.0
513,21,9,3000.0,9864,9558,9864,9864,9978,9978,9978,9714,10000,37,69,76,218,277,51,201,249,100,-2.0,-8.0,-2.0,-2.0,0.0,0.0,0.0,-4.0,0.0
514,21,10,3000.0,9864,9558,9864,9864,9978,9978,9978,9714,10000,37,69,76,218,277,51,201,249,100,0.0,0.0,0.0,0.0,0.0,0.0,0.0,0.0,0.0
515,21,11,3000.0,9864,9558,9864,9864,9978,9978,9978,9714,10000,37,69,76,218,277,51,201,249,100,0.0,0.0,0.0,0.0,0.0,0.0,0.0,0.0,0.0
516,21,12,3000.0,9864,9558,9864,9864,9978,9978,9978,9714,10000,37,69,76,218,277,51,201,249,100,0.0,0.0,0.0,0.0,0.0,0.0,0.0,0.0,0.0
517,21,13,3000.0,9862,9550,9862,9862,9978,9978,9978,9710,10000,37,70,77,219,277,51,201,249,100,-2.0,-8.0,-2.0,-2.0,0.0,0.0,0.0,-4.0,0.0
518,21,14,3000.0,9862,9550,9862,9862,9978,9978,9978,9710,10000,37,70,77,219,277,51,201,249,100,0.0,0.0,0.0,0.0,0.0,0.0,0.0,0.0,0.0
519,21,15,3000.0,9862,9550,9862,9862,9978,9978,9978,9710,10000,37,70,77,219,277,51,201,249,100,0.0,0.0,0.0,0.0,0.0,0.0,0.0,0.0,0.0
520,21,16,3000.0,9862,9550,9862,9862,9978,9978,9978,9710,10000,37,70,77,219,277,51,201,249,100,0.0,0.0,0.0,0.0,0.0,0.0,0.0,0.0,0.0
521,21,17,3000.0,9860,9542,9860,9860,9978,9978,9978,9706,10000,37,71,77,219,277,51,201,249,100,-2.0,-8.0,-2.0,-2.0,0.0,0.0,0.0,-4.0,0.0
522,21,18,3000.0,9860,9542,9860,9860,9978,9978,9978,9706,10000,37,71,77,219,277,51,201,249,100,0.0,0.0,0.0,0.0,0.0,0.0,0.0,0.0,0.0
523,21,19,3000.0,9860,9542,9860,9860,9978,9978,9978,9706,10000,37,71,77,219,277,51,201,249,100,0.0,0.0,0.0,0.0,0.0,0.0,0.0,0.0,0.0
524,21,20,3000.0,9860,9542,9860,9860,9978,9978,9978,9706,10000,37,71,77,219,277,51,201,249,100,0.0,0.0,0.0,0.0,0.0,0.0,0.0,0.0,0.0
525,21,21,3000.0,9858,9534,9858,9858,9978,9978,9978,9702,10000,37,72,77,220,277,51,201,249,100,-2.0,-8.0,-2.0,-2.0,0.0,0.0,0.0,-4.0,0.0
526,21,22,3000.0,9858,9534,9858,9858,9978,9978,9978,9702,10000,37,72,77,220,277,51,201,249,100,0.0,0.0,0.0,0.0,0.0,0.0,0.0,0.0,0.0
527,21,23,3000.0,9858,9534,9858,9858,9978,9978,9978,9702,10000,37,72,77,220,277,51,201,249,100,0.0,0.0,0.0,0.0,0.0,0.0,0.0,0.0,0.0
528,22,0,3000.0,9858,9534,9858,9858,9978,9978,9978,9702,10000,37,72,77,220,277,51,201,249,100,0.0,0.0,0.0,0.0,0.0,0.0,0.0,0.0,0.0
529,22,1,3000.0,9855,9525,9855,9855,9977,9977,9977,9697,10000,37,73,77,221,278,51,202,249,100,-3.0,-9.0,-3.0,-3.0,-1.0,-1.0,-1.0,-5.0,0.0
530,22,2,3000.0,9855,9525,9855,9855,9977,9977,9977,9697,10000,37,73,77,221,278,51,202,249,100,0.0,0.0,0.0,0.0,0.0,0.0,0.0,0.0,0.0
531,22,3,3000.0,9855,9525,9855,9855,9977,9977,9977,9697,10000,37,73,77,221,278,51,202,249,100,0.0,0.0,0.0,0.0,0.0,0.0,0.0,0.0,0.0
532,22,4,3000.0,9855,9525,9855,9855,9977,9977,9977,9697,10000,37,73,77,221,278,51,202,249,100,0.0,0.0,0.0,0.0,0.0,0.0,0.0,0.0,0.0
533,22,5,3000.0,9853,9517,9853,9853,9977,9977,9977,9693,10000,37,74,78,222,278,51,202,249,100,-2.0,-8.0,-2.0,-2.0,0.0,0.0,0.0,-4.0,0.0
534,22,6,3000.0,9853,9517,9853,9853,9977,9977,9977,9693,10000,37,74,78,222,278,51,202,249,100,0.0,0.0,0.0,0.0,0.0,0.0,0.0,0.0,0.0
535,22,7,3000.0,9853,9517,9853,9853,9977,9977,9977,9693,10000,37,74,78,222,278,51,202,249,100,0.0,0.0,0.0,0.0,0.0,0.0,0.0,0.0,0.0
536,22,8,3000.0,9853,9517,9853,9853,9977,9977,9977,9693,10000,37,74,78,222,278,51,202,249,100,0.0,0.0,0.0,0.0,0.0,0.0,0.0,0.0,0.0
537,22,9,3000.0,9851,9509,9851,9851,9977,9977,9977,9689,10000,37,76,78,223,278,51,202,249,100,-2.0,-8.0,-2.0,-2.0,0.0,0.0,0.0,-4.0,0.0
538,22,10,3000.0,9851,9509,9851,9851,9977,9977,9977,9689,10000,37,76,78,223,278,51,202,249,100,0.0,0.0,0.0,0.0,0.0,0.0,0.0,0.0,0.0
539,22,11,3000.0,9851,9509,9851,9851,9977,9977,9977,9689,10000,37,76,78,223,278,51,202,249,100,0.0,0.0,0.0,0.0,0.0,0.0,0.0,0.0,0.0
540,22,12,3000.0,9851,9509,9851,9851,9977,9977,9977,9689,10000,37,76,78,223,278,51,202,249,100,0.0,0.0,0.0,0.0,0.0,0.0,0.0,0.0,0.0
541,22,13,3000.0,9849,9501,9849,9849,9977,9977,9977,9685,10000,37,77,78,223,278,51,202,249,100,-2.0,-8.0,-2.0,-2.0,0.0,0.0,0.0,-4.0,0.0
542,22,14,3000.0,9849,9501,9849,9849,9977,9977,9977,9685,10000,37,77,78,223,278,51,202,249,100,0.0,0.0,0.0,0.0,0.0,0.0,0.0,0.0,0.0
543,22,15,3000.0,9849,9501,9849,9849,9977,9977,9977,9685,10000,37,77,78,223,278,51,202,249,100,0.0,0.0,0.0,0.0,0.0,0.0,0.0,0.0,0.0
544,22,16,3000.0,9849,9501,9849,9849,9977,9977,9977,9685,10000,37,77,78,223,278,51,202,249,100,0.0,0.0,0.0,0.0,0.0,0.0,0.0,0.0,0.0
545,22,17,3000.0,9847,9493,9847,9847,9977,9977,9977,9681,10000,37,79,78,224,278,51,202,249,100,-2.0,-8.0,-2.0,-2.0,0.0,0.0,0.0,-4.0,0.0
546,22,18,3000.0,9847,9493,9847,9847,9977,9977,9977,9681,10000,37,79,78,224,278,51,202,249,100,0.0,0.0,0.0,0.0,0.0,0.0,0.0,0.0,0.0
547,22,19,3000.0,9847,9493,9847,9847,9977,9977,9977,9681,10000,37,79,78,224,278,51,202,249,100,0.0,0.0,0.0,0.0,0.0,0.0,0.0,0.0,0.0
548,22,20,3000.0,9847,9493,9847,9847,9977,9977,9977,9681,10000,37,79,78,224,278,51,202,249,100,0.0,0.0,0.0,0.0,0.0,0.0,0.0,0.0,0.0
549,22,21,3000.0,9845,9485,9845,9845,9977,9977,9977,9677,10000,37,81,79,225,278,51,202,250,100,-2.0,-8.0,-2.0,-2.0,0.0,0.0,0.0,-4.0,0.0
550,22,22,3000.0,9845,9485,9845,9845,9977,9977,9977,9677,10000,37,81,79,225,278,51,202,250,100,0.0,0.0,0.0,0.0,0.0,0.0,0.0,0.0,0.0
551,22,23,3000.0,9845,9485,9845,9845,9977,9977,9977,9677,10000,37,81,79,225,278,51,202,250,100,0.0,0.0,0.0,0.0,0.0,0.0,0.0,0.0,0.0
552,23,0,3000.0,9845,9485,9845,9845,9977,9977,9977,9677,10000,37,81,79,225,278,51,202,250,100,0.0,0.0,0.0,0.0,0.0,0.0,0.0,0.0,0.0
553,23,1,3000.0,9842,9476,9842,9842,9976,9976,9976,9672,10000,38,83,79,226,278,51,203,250,100,-3.0,-9.0,-3.0,-3.0,-1.0,-1.0,-1.0,-5.0,0.0
554,23,2,3000.0,9842,9476,9842,9842,9976,9976,9976,9672,10000,38,83,79,226,278,51,203,250,100,0.0,0.0,0.0,0.0,0.0,0.0,0.0,0.0,0.0
555,23,3,3000.0,9842,9476,9842,9842,9976,9976,9976,9672,10000,38,83,79,226,278,51,203,250,100,0.0,0.0,0.0,0.0,0.0,0.0,0.0,0.0,0.0
556,23,4,3000.0,9842,9476,9842,9842,9976,9976,9976,9672,10000,38,83,79,226,278,51,203,250,100,0.0,0.0,0.0,0.0,0.0,0.0,0.0,0.0,0.0
557,23,5,3000.0,9840,9468,9840,9840,9976,9976,9976,9668,10000,38,86,79,226,278,51,203,250,100,-2.0,-8.0,-2.0,-2.0,0.0,0.0,0.0,-4.0,0.0
558,23,6,3000.0,9840,9468,9840,9840,9976,9976,9976,9668,10000,38,86,79,226,278,51,203,250,100,0.0,0.0,0.0,0.0,0.0,0.0,0.0,0.0,0.0
559,23,7,3000.0,9840,9468,9840,9840,9976,9976,9976,9668,10000,38,86,79,226,278,51,203,250,100,0.0,0.0,0.0,0.0,0.0,0.0,0.0,0.0,0.0
560,23,8,3000.0,9840,9468,9840,9840,9976,9976,9976,9668,10000,38,86,79,226,278,51,203,250,100,0.0,0.0,0.0,0.0,0.0,0.0,0.0,0.0,0.0
561,23,9,3000.0,9838,9460,9838,9838,9976,9976,9976,9664,10000,38,88,79,227,278,51,203,250,100,-2.0,-8.0,-2.0,-2.0,0.0,0.0,0.0,-4.0,0.0
562,23,10,3000.0,9838,9460,9838,9838,9976,9976,9976,9664,10000,38,88,79,227,278,51,203,250,100,0.0,0.0,0.0,0.0,0.0,0.0,0.0,0.0,0.0
563,23,11,3000.0,9838,9460,9838,9838,9976,9976,9976,9664,10000,38,88,79,227,278,51,203,250,100,0.0,0.0,0.0,0.0,0.0,0.0,0.0,0.0,0.0
564,23,12,3000.0,9838,9460,9838,9838,9976,9976,9976,9664,10000,38,88,79,227,278,51,203,250,100,0.0,0.0,0.0,0.0,0.0,0.0,0.0,0.0,0.0
565,23,13,3000.0,9836,9452,9836,9836,9976,9976,9976,9660,10000,38,91,80,228,278,51,203,250,100,-2.0,-8.0,-2.0,-2.0,0.0,0.0,0.0,-4.0,0.0
566,23,14,3000.0,9836,9452,9836,9836,9976,9976,9976,9660,10000,38,91,80,228,278,51,203,250,100,0.0,0.0,0.0,0.0,0.0,0.0,0.0,0.0,0.0
567,23,15,3000.0,9836,9452,9836,9836,9976,9976,9976,9660,10000,38,91,80,228,278,51,203,250,100,0.0,0.0,0.0,0.0,0.0,0.0,0.0,0.0,0.0
568,23,16,3000.0,9836,9452,9836,9836,9976,9976,9976,9660,10000,38,91,80,228,278,51,203,250,100,0.0,0.0,0.0,0.0,0.0,0.0,0.0,0.0,0.0
569,23,17,3000.0,9834,9444,9834,9834,9976,9976,9976,9656,10000,38,94,80,228,278,51,203,250,100,-2.0,-8.0,-2.0,-2.0,0.0,0.0,0.0,-4.0,0.0
570,23,18,3000.0,9834,9444,9834,9834,9976,9976,9976,9656,10000,38,94,80,228,278,51,203,250,100,0.0,0.0,0.0,0.0,0.0,0.0,0.0,0.0,0.0
571,23,19,3000.0,9834,9444,9834,9834,9976,9976,9976,9656,10000,38,94,80,228,278,51,203,250,100,0.0,0.0,0.0,0.0,0.0,0.0,0.0,0.0,0.0
572,23,20,3000.0,9834,9444,9834,9834,9976,9976,9976,9656,10000,38,94,80,228,278,51,203,250,100,0.0,0.0,0.0,0.0,0.0,0.0,0.0,0.0,0.0
573,23,21,3000.0,9832,9436,9832,9832,9976,9976,9976,9652,10000,38,97,80,229,278,51,203,250,100,-2.0,-8.0,-2.0,-2.0,0.0,0.0,0.0,-4.0,0.0
574,23,22,3000.0,9832,9436,9832,9832,9976,9976,9976,9652,10000,38,97,80,229,278,51,203,250,100,0.0,0.0,0.0,0.0,0.0,0.0,0.0,0.0,0.0
575,23,23,3000.0,9832,9436,9832,9832,9976,9976,9976,9652,10000,38,97,80,229,278,51,203,250,100,0.0,0.0,0.0,0.0,0.0,0.0,0.0,0.0,0.0
576,24,0,3000.0,9832,9436,9832,9832,9976,9976,9976,9652,10000,38,97,80,229,278,51,203,250,100,0.0,0.0,0.0,0.0,0.0,0.0,0.0,0.0,0.0
577,24,1,3000.0,9828,9427,9829,9828,9975,9975,9974,9647,10000,38,100,81,230,279,52,204,250,100,-4.0,-9.0,-3.0,-4.0,-1.0,-1.0,-2.0,-5.0,0.0
578,24,2,3000.0,9828,9427,9829,9828,9975,9975,9974,9647,10000,38,100,81,230,279,52,204,250,100,0.0,0.0,0.0,0.0,0.0,0.0,0.0,0.0,0.0
579,24,3,3000.0,9828,9427,9829,9828,9975,9975,9974,9647,10000,38,100,81,230,279,52,204,250,100,0.0,0.0,0.0,0.0,0.0,0.0,0.0,0.0,0.0
580,24,4,3000.0,9828,9427,9829,9828,9975,9975,9974,9647,10000,38,100,81,230,279,52,204,250,100,0.0,0.0,0.0,0.0,0.0,0.0,0.0,0.0,0.0
581,24,5,3000.0,9825,9419,9827,9825,9975,9975,9973,9643,10000,38,104,81,231,279,52,205,250,100,-3.0,-8.0,-2.0,-3.0,0.0,0.0,-1.0,-4.0,0.0
582,24,6,3000.0,9825,9419,9827,9825,9975,9975,9973,9643,10000,38,104,81,231,279,52,205,250,100,0.0,0.0,0.0,0.0,0.0,0.0,0.0,0.0,0.0
583,24,7,3000.0,9825,9419,9827,9825,9975,9975,9973,9643,10000,38,104,81,231,279,52,205,250,100,0.0,0.0,0.0,0.0,0.0,0.0,0.0,0.0,0.0
584,24,8,3000.0,9825,9419,9827,9825,9975,9975,9973,9643,10000,38,104,81,231,279,52,205,250,100,0.0,0.0,0.0,0.0,0.0,0.0,0.0,0.0,0.0
585,24,9,3000.0,9822,9411,9825,9822,9975,9975,9972,9639,10000,38,108,81,232,279,52,206,251,100,-3.0,-8.0,-2.0,-3.0,0.0,0.0,-1.0,-4.0,0.0
586,24,10,3000.0,9822,9411,9825,9822,9975,9975,9972,9639,10000,38,108,81,232,279,52,206,251,100,0.0,0.0,0.0,0.0,0.0,0.0,0.0,0.0,0.0
587,24,11,3000.0,9822,9411,9825,9822,9975,9975,9972,9639,10000,38,108,81,232,279,52,206,251,100,0.0,0.0,0.0,0.0,0.0,0.0,0.0,0.0,0.0
588,24,12,3000.0,9822,9411,9825,9822,9975,9975,9972,9639,10000,38,108,81,232,279,52,206,251,100,0.0,0.0,0.0,0.0,0.0,0.0,0.0,0.0,0.0
589,24,13,3000.0,9819,9403,9823,9819,9975,9975,9971,9635,10000,38,111,81,233,279,52,207,251,100,-3.0,-8.0,-2.0,-3.0,0.0,0.0,-1.0,-4.0,0.0
590,24,14,3000.0,9819,9403,9823,9819,9975,9975,9971,9635,10000,38,111,81,233,279,52,207,251,100,0.0,0.0,0.0,0.0,0.0,0.0,0.0,0.0,0.0
591,24,15,3000.0,9819,9403,9823,9819,9975,9975,9971,9635,10000,38,111,81,233,279,52,207,251,100,0.0,0.0,0.0,0.0,0.0,0.0,0.0,0.0,0.0
592,24,16,3000.0,9819,9403,9823,9819,9975,9975,9971,9635,10000,38,111,81,233,279,52,207,251,100,0.0,0.0,0.0,0.0,0.0,0.0,0.0,0.0,0.0
593,24,17,3000.0,9816,9395,9821,9816,9975,9975,9970,9631,10000,39,115,81,234,279,52,208,251,100,-3.0,-8.0,-2.0,-3.0,0.0,0.0,-1.0,-4.0,0.0
594,24,18,3000.0,9816,9395,9821,9816,9975,9975,9970,9631,10000,39,115,81,234,279,52,208,251,100,0.0,0.0,0.0,0.0,0.0,0.0,0.0,0.0,0.0
595,24,19,3000.0,9816,9395,9821,9816,9975,9975,9970,9631,10000,39,115,81,234,279,52,208,251,100,0.0,0.0,0.0,0.0,0.0,0.0,0.0,0.0,0.0
596,24,20,3000.0,9816,9395,9821,9816,9975,9975,9970,9631,10000,39,115,81,234,279,52,208,251,100,0.0,0.0,0.0,0.0,0.0,0.0,0.0,0.0,0.0
597,24,21,3000.0,9813,9387,9819,9813,9975,9975,9969,9627,10000,39,119,82,235,279,52,208,251,100,-3.0,-8.0,-2.0,-3.0,0.0,0.0,-1.0,-4.0,0.0
598,24,22,3000.0,9813,9387,9819,9813,9975,9975,9969,9627,10000,39,119,82,235,279,52,208,251,100,0.0,0.0,0.0,0.0,0.0,0.0,0.0,0.0,0.0
599,24,23,3000.0,9813,9387,9819,9813,9975,9975,9969,9627,10000,39,119,82,235,279,52,208,251,100,0.0,0.0,0.0,0.0,0.0,0.0,0.0,0.0,0.0
600,25,0,3000.0,9813,9387,9819,9813,9975,9975,9969,9627,10000,39,119,82,235,279,52,208,251,100,0.0,0.0,0.0,0.0,0.0,0.0,0.0,0.0,0.0
601,25,1,3000.0,9809,9378,9816,9809,9974,9974,9967,9622,10000,39,124,82,236,279,52,210,251,100,-4.0,-9.0,-3.0,-4.0,-1.0,-1.0,-2.0,-5.0,0.0
602,25,2,3000.0,9809,9378,9816,9809,9974,9974,9967,9622,10000,39,124,82,236,279,52,210,251,100,0.0,0.0,0.0,0.0,0.0,0.0,0.0,0.0,0.0
603,25,3,3000.0,9809,9378,9816,9809,9974,9974,9967,9622,10000,39,124,82,236,279,52,210,251,100,0.0,0.0,0.0,0.0,0.0,0.0,0.0,0.0,0.0
604,25,4,3000.0,9809,9378,9816,9809,9974,9974,9967,9622,10000,39,124,82,236,279,52,210,251,100,0.0,0.0,0.0,0.0,0.0,0.0,0.0,0.0,0.0
605,25,5,3000.0,9806,9370,9814,9806,9974,9974,9966,9618,10000,39,129,82,237,279,52,211,251,100,-3.0,-8.0,-2.0,-3.0,0.0,0.0,-1.0,-4.0,0.0
606,25,6,3000.0,9806,9370,9814,9806,9974,9974,9966,9618,10000,39,129,82,237,279,52,211,251,100,0.0,0.0,0.0,0.0,0.0,0.0,0.0,0.0,0.0
607,25,7,3000.0,9806,9370,9814,9806,9974,9974,9966,9618,10000,39,129,82,237,279,52,211,251,100,0.0,0.0,0.0,0.0,0.0,0.0,0.0,0.0,0.0
608,25,8,3000.0,9806,9370,9814,9806,9974,9974,9966,9618,10000,39,129,82,237,279,52,211,251,100,0.0,0.0,0.0,0.0,0.0,0.0,0.0,0.0,0.0
609,25,9,3000.0,9803,9362,9812,9803,9974,9974,9965,9614,10000,39,133,83,238,279,52,211,251,100,-3.0,-8.0,-2.0,-3.0,0.0,0.0,-1.0,-4.0,0.0
610,25,10,3000.0,9803,9362,9812,9803,9974,9974,9965,9614,10000,39,133,83,238,279,52,211,251,100,0.0,0.0,0.0,0.0,0.0,0.0,0.0,0.0,0.0
611,25,11,3000.0,9803,9362,9812,9803,9974,9974,9965,9614,10000,39,133,83,238,279,52,211,251,100,0.0,0.0,0.0,0.0,0.0,0.0,0.0,0.0,0.0
612,25,12,3000.0,9803,9362,9812,9803,9974,9974,9965,9614,10000,39,133,83,238,279,52,211,251,100,0.0,0.0,0.0,0.0,0.0,0.0,0.0,0.0,0.0
613,25,13,3000.0,9800,9354,9810,9800,9974,9974,9964,9610,10000,39,138,83,239,279,52,212,251,100,-3.0,-8.0,-2.0,-3.0,0.0,0.0,-1.0,-4.0,0.0
614,25,14,3000.0,9800,9354,9810,9800,9974,9974,9964,9610,10000,39,138,83,239,279,52,212,251,100,0.0,0.0,0.0,0.0,0.0,0.0,0.0,0.0,0.0
615,25,15,3000.0,9800,9354,9810,9800,9974,9974,9964,9610,10000,39,138,83,239,279,52,212,251,100,0.0,0.0,0.0,0.0,0.0,0.0,0.0,0.0,0.0
616,25,16,3000.0,9800,9354,9810,9800,9974,9974,9964,9610,10000,39,138,83,239,279,52,212,251,100,0.0,0.0,0.0,0.0,0.0,0.0,0.0,0.0,0.0
617,25,17,3000.0,9797,9346,9808,9797,9974,9974,9963,9606,10000,39,143,83,240,279,52,213,251,100,-3.0,-8.0,-2.0,-3.0,0.0,0.0,-1.0,-4.0,0.0
618,25,18,3000.0,9797,9346,9808,9797,9974,9974,9963,9606,10000,39,143,83,240,279,52,213,251,100,0.0,0.0,0.0,0.0,0.0,0.0,0.0,0.0,0.0
619,25,19,3000.0,9797,9346,9808,9797,9974,9974,9963,9606,10000,39,143,83,240,279,52,213,251,100,0.0,0.0,0.0,0.0,0.0,0.0,0.0,0.0,0.0
620,25,20,3000.0,9797,9346,9808,9797,9974,9974,9963,9606,10000,39,143,83,240,279,52,213,251,100,0.0,0.0,0.0,0.0,0.0,0.0,0.0,0.0,0.0
621,25,21,3000.0,9794,9338,9806,9794,9974,9974,9962,9602,10000,39,149,83,241,279,52,214,251,100,-3.0,-8.0,-2.0,-3.0,0.0,0.0,-1.0,-4.0,0.0
622,25,22,3000.0,9794,9338,9806,9794,9974,9974,9962,9602,10000,39,149,83,241,279,52,214,251,100,0.0,0.0,0.0,0.0,0.0,0.0,0.0,0.0,0.0
623,25,23,3000.0,9794,9338,9806,9794,9974,9974,9962,9602,10000,39,149,83,241,279,52,214,251,100,0.0,0.0,0.0,0.0,0.0,0.0,0.0,0.0,0.0
624,26,0,3000.0,9794,9338,9806,9794,9974,9974,9962,9602,10000,39,149,83,241,279,52,214,251,100,0.0,0.0,0.0,0.0,0.0,0.0,0.0,0.0,0.0
625,26,1,3000.0,9790,9329,9803,9790,9973,9973,9960,9597,10000,39,155,84,242,279,52,215,251,100,-4.0,-9.0,-3.0,-4.0,-1.0,-1.0,-2.0,-5.0,0.0
626,26,2,3000.0,9790,9329,9803,9790,9973,9973,9960,9597,10000,39,155,84,242,279,52,215,251,100,0.0,0.0,0.0,0.0,0.0,0.0,0.0,0.0,0.0
627,26,3,3000.0,9790,9329,9803,9790,9973,9973,9960,9597,10000,39,155,84,242,279,52,215,251,100,0.0,0.0,0.0,0.0,0.0,0.0,0.0,0.0,0.0
628,26,4,3000.0,9790,9329,9803,9790,9973,9973,9960,9597,10000,39,155,84,242,279,52,215,251,100,0.0,0.0,0.0,0.0,0.0,0.0,0.0,0.0,0.0
629,26,5,3000.0,9787,9321,9801,9787,9973,9973,9959,9593,10000,40,160,84,243,279,52,216,252,100,-3.0,-8.0,-2.0,-3.0,0.0,0.0,-1.0,-4.0,0.0
630,26,6,3000.0,9787,9321,9801,9787,9973,9973,9959,9593,10000,40,160,84,243,279,52,216,252,100,0.0,0.0,0.0,0.0,0.0,0.0,0.0,0.0,0.0
631,26,7,3000.0,9787,9321,9801,9787,9973,9973,9959,9593,10000,40,160,84,243,279,52,216,252,100,0.0,0.0,0.0,0.0,0.0,0.0,0.0,0.0,0.0
632,26,8,3000.0,9787,9321,9801,9787,9973,9973,9959,9593,10000,40,160,84,243,279,52,216,252,100,0.0,0.0,0.0,0.0,0.0,0.0,0.0,0.0,0.0
633,26,9,3000.0,9784,9313,9799,9784,9973,9973,9958,9589,10000,40,166,84,243,279,52,216,252,100,-3.0,-8.0,-2.0,-3.0,0.0,0.0,-1.0,-4.0,0.0
634,26,10,3000.0,9784,9313,9799,9784,9973,9973,9958,9589,10000,40,166,84,243,279,52,216,252,100,0.0,0.0,0.0,0.0,0.0,0.0,0.0,0.0,0.0
635,26,11,3000.0,9784,9313,9799,9784,9973,9973,9958,9589,10000,40,166,84,243,279,52,216,252,100,0.0,0.0,0.0,0.0,0.0,0.0,0.0,0.0,0.0
636,26,12,3000.0,9784,9313,9799,9784,9973,9973,9958,9589,10000,40,166,84,243,279,52,216,252,100,0.0,0.0,0.0,0.0,0.0,0.0,0.0,0.0,0.0
637,26,13,3000.0,9781,9305,9797,9781,9973,9973,9957,9585,10000,40,172,84,244,279,52,217,252,100,-3.0,-8.0,-2.0,-3.0,0.0,0.0,-1.0,-4.0,0.0
638,26,14,3000.0,9781,9305,9797,9781,9973,9973,9957,9585,10000,40,172,84,244,279,52,217,252,100,0.0,0.0,0.0,0.0,0.0,0.0,0.0,0.0,0.0
639,26,15,3000.0,9781,9305,9797,9781,9973,9973,9957,9585,10000,40,172,84,244,279,52,217,252,100,0.0,0.0,0.0,0.0,0.0,0.0,0.0,0.0,0.0
640,26,16,3000.0,9781,9305,9797,9781,9973,9973,9957,9585,10000,40,172,84,244,279,52,217,252,100,0.0,0.0,0.0,0.0,0.0,0.0,0.0,0.0,0.0
641,26,17,3000.0,9778,9297,9795,9778,9973,9973,9956,9581,10000,40,178,85,245,279,52,218,252,100,-3.0,-8.0,-2.0,-3.0,0.0,0.0,-1.0,-4.0,0.0
642,26,18,3000.0,9778,9297,9795,9778,9973,9973,9956,9581,10000,40,178,85,245,279,52,218,252,100,0.0,0.0,0.0,0.0,0.0,0.0,0.0,0.0,0.0
643,26,19,3000.0,9778,9297,9795,9778,9973,9973,9956,9581,10000,40,178,85,245,279,52,218,252,100,0.0,0.0,0.0,0.0,0.0,0.0,0.0,0.0,0.0
644,26,20,3000.0,9778,9297,9795,9778,9973,9973,9956,9581,10000,40,178,85,245,279,52,218,252,100,0.0,0.0,0.0,0.0,0.0,0.0,0.0,0.0,0.0
645,26,21,3000.0,9775,9289,9793,9775,9973,9973,9955,9577,10000,40,184,85,246,279,52,218,252,100,-3.0,-8.0,-2.0,-3.0,0.0,0.0,-1.0,-4.0,0.0
646,26,22,3000.0,9775,9289,9793,9775,9973,9973,9955,9577,10000,40,184,85,246,279,52,218,252,100,0.0,0.0,0.0,0.0,0.0,0.0,0.0,0.0,0.0
647,26,23,3000.0,9775,9289,9793,9775,9973,9973,9955,9577,10000,40,184,85,246,279,52,218,252,100,0.0,0.0,0.0,0.0,0.0,0.0,0.0,0.0,0.0
648,27,0,3000.0,9775,9289,9793,9775,9973,9973,9955,9577,10000,40,184,85,246,279,52,218,252,100,0.0,0.0,0.0,0.0,0.0,0.0,0.0,0.0,0.0
649,27,1,3000.0,9771,9280,9790,9771,9972,9972,9953,9572,10000,40,192,86,247,280,52,220,252,100,-4.0,-9.0,-3.0,-4.0,-1.0,-1.0,-2.0,-5.0,0.0
650,27,2,3000.0,9771,9280,9790,9771,9972,9972,9953,9572,10000,40,192,86,247,280,52,220,252,100,0.0,0.0,0.0,0.0,0.0,0.0,0.0,0.0,0.0
651,27,3,3000.0,9771,9280,9790,9771,9972,9972,9953,9572,10000,40,192,86,247,280,52,220,252,100,0.0,0.0,0.0,0.0,0.0,0.0,0.0,0.0,0.0
652,27,4,3000.0,9771,9280,9790,9771,9972,9972,9953,9572,10000,40,192,86,247,280,52,220,252,100,0.0,0.0,0.0,0.0,0.0,0.0,0.0,0.0,0.0
653,27,5,3000.0,9768,9272,9788,9768,9972,9972,9952,9568,10000,40,198,86,248,280,52,220,252,100,-3.0,-8.0,-2.0,-3.0,0.0,0.0,-1.0,-4.0,0.0
654,27,6,3000.0,9768,9272,9788,9768,9972,9972,9952,9568,10000,40,198,86,248,280,52,220,252,100,0.0,0.0,0.0,0.0,0.0,0.0,0.0,0.0,0.0
655,27,7,3000.0,9768,9272,9788,9768,9972,9972,9952,9568,10000,40,198,86,248,280,52,220,252,100,0.0,0.0,0.0,0.0,0.0,0.0,0.0,0.0,0.0
656,27,8,3000.0,9768,9272,9788,9768,9972,9972,9952,9568,10000,40,198,86,248,280,52,220,252,100,0.0,0.0,0.0,0.0,0.0,0.0,0.0,0.0,0.0
657,27,9,3000.0,9765,9264,9786,9765,9972,9972,9951,9564,10000,40,205,87,249,280,52,221,252,100,-3.0,-8.0,-2.0,-3.0,0.0,0.0,-1.0,-4.0,0.0
658,27,10,3000.0,9765,9264,9786,9765,9972,9972,9951,9564,10000,40,205,87,249,280,52,221,252,100,0.0,0.0,0.0,0.0,0.0,0.0,0.0,0.0,0.0
659,27,11,3000.0,9765,9264,9786,9765,9972,9972,9951,9564,10000,40,205,87,249,280,52,221,252,100,0.0,0.0,0.0,0.0,0.0,0.0,0.0,0.0,0.0
660,27,12,3000.0,9765,9264,9786,9765,9972,9972,9951,9564,10000,40,205,87,249,280,52,221,252,100,0.0,0.0,0.0,0.0,0.0,0.0,0.0,0.0,0.0
661,27,13,3000.0,9762,9256,9784,9762,9972,9972,9950,9560,10000,40,212,87,250,280,52,221,252,100,-3.0,-8.0,-2.0,-3.0,0.0,0.0,-1.0,-4.0,0.0
662,27,14,3000.0,9762,9256,9784,9762,9972,9972,9950,9560,10000,40,212,87,250,280,52,221,252,100,0.0,0.0,0.0,0.0,0.0,0.0,0.0,0.0,0.0
663,27,15,3000.0,9762,9256,9784,9762,9972,9972,9950,9560,10000,40,212,87,250,280,52,221,252,100,0.0,0.0,0.0,0.0,0.0,0.0,0.0,0.0,0.0
664,27,16,3000.0,9762,9256,9784,9762,9972,9972,9950,9560,10000,40,212,87,250,280,52,221,252,100,0.0,0.0,0.0,0.0,0.0,0.0,0.0,0.0,0.0
665,27,17,3000.0,9759,9248,9782,9759,9972,9972,9949,9556,10000,41,220,88,250,280,52,222,252,100,-3.0,-8.0,-2.0,-3.0,0.0,0.0,-1.0,-4.0,0.0
666,27,18,3000.0,9759,9248,9782,9759,9972,9972,9949,9556,10000,41,220,88,250,280,52,222,252,100,0.0,0.0,0.0,0.0,0.0,0.0,0.0,0.0,0.0
667,27,19,3000.0,9759,9248,9782,9759,9972,9972,9949,9556,10000,41,220,88,250,280,52,222,252,100,0.0,0.0,0.0,0.0,0.0,0.0,0.0,0.0,0.0
668,27,20,3000.0,9759,9248,9782,9759,9972,9972,9949,9556,10000,41,220,88,250,280,52,222,252,100,0.0,0.0,0.0,0.0,0.0,0.0,0.0,0.0,0.0
669,27,21,3000.0,9756,9240,9780,9756,9972,9972,9948,9552,10000,41,227,88,251,280,52,223,252,100,-3.0,-8.0,-2.0,-3.0,0.0,0.0,-1.0,-4.0,0.0
670,27,22,3000.0,9756,9240,9780,9756,9972,9972,9948,9552,10000,41,227,88,251,280,52,223,252,100,0.0,0.0,0.0,0.0,0.0,0.0,0.0,0.0,0.0
671,27,23,3000.0,9756,9240,9780,9756,9972,9972,9948,9552,10000,41,227,88,251,280,52,223,252,100,0.0,0.0,0.0,0.0,0.0,0.0,0.0,0.0,0.0
672,28,0,3000.0,9756,9240,9780,9756,9972,9972,9948,9552,10000,41,227,88,251,280,52,223,252,100,0.0,0.0,0.0,0.0,0.0,0.0,0.0,0.0,0.0
673,28,1,3000.0,9752,9231,9777,9752,9971,9971,9946,9547,10000,41,236,89,252,280,52,224,252,100,-4.0,-9.0,-3.0,-4.0,-1.0,-1.0,-2.0,-5.0,0.0
674,28,2,3000.0,9752,9231,9777,9752,9971,9971,9946,9547,10000,41,236,89,252,280,52,224,252,100,0.0,0.0,0.0,0.0,0.0,0.0,0.0,0.0,0.0
675,28,3,3000.0,9752,9231,9777,9752,9971,9971,9946,9547,10000,41,236,89,252,280,52,224,252,100,0.0,0.0,0.0,0.0,0.0,0.0,0.0,0.0,0.0
676,28,4,3000.0,9752,9231,9777,9752,9971,9971,9946,9547,10000,41,236,89,252,280,52,224,252,100,0.0,0.0,0.0,0.0,0.0,0.0,0.0,0.0,0.0
677,28,5,3000.0,9749,9223,9775,9749,9971,9971,9945,9543,10000,41,243,90,253,280,52,224,253,100,-3.0,-8.0,-2.0,-3.0,0.0,0.0,-1.0,-4.0,0.0
678,28,6,3000.0,9749,9223,9775,9749,9971,9971,9945,9543,10000,41,243,90,253,280,52,224,253,100,0.0,0.0,0.0,0.0,0.0,0.0,0.0,0.0,0.0
679,28,7,3000.0,9749,9223,9775,9749,9971,9971,9945,9543,10000,41,243,90,253,280,52,224,253,100,0.0,0.0,0.0,0.0,0.0,0.0,0.0,0.0,0.0
680,28,8,3000.0,9749,9223,9775,9749,9971,9971,9945,9543,10000,41,243,90,253,280,52,224,253,100,0.0,0.0,0.0,0.0,0.0,0.0,0.0,0.0,0.0
681,28,9,3000.0,9746,9215,9773,9746,9971,9971,9944,9539,10000,41,251,91,254,280,52,225,253,100,-3.0,-8.0,-2.0,-3.0,0.0,0.0,-1.0,-4.0,0.0
682,28,10,3000.0,9746,9215,9773,9746,9971,9971,9944,9539,10000,41,251,91,254,280,52,225,253,100,0.0,0.0,0.0,0.0,0.0,0.0,0.0,0.0,0.0
683,28,11,3000.0,9746,9215,9773,9746,9971,9971,9944,9539,10000,41,251,91,254,280,52,225,253,100,0.0,0.0,0.0,0.0,0.0,0.0,0.0,0.0,0.0
684,28,12,3000.0,9746,9215,9773,9746,9971,9971,9944,9539,10000,41,251,91,254,280,52,225,253,100,0.0,0.0,0.0,0.0,0.0,0.0,0.0,0.0,0.0
685,28,13,3000.0,9743,9207,9771,9743,9971,9971,9943,9535,10000,41,259,92,255,280,52,226,253,100,-3.0,-8.0,-2.0,-3.0,0.0,0.0,-1.0,-4.0,0.0
686,28,14,3000.0,9743,9207,9771,9743,9971,9971,9943,9535,10000,41,259,92,255,280,52,226,253,100,0.0,0.0,0.0,0.0,0.0,0.0,0.0,0.0,0.0
687,28,15,3000.0,9743,9207,9771,9743,9971,9971,9943,9535,10000,41,259,92,255,280,52,226,253,100,0.0,0.0,0.0,0.0,0.0,0.0,0.0,0.0,0.0
688,28,16,3000.0,9743,9207,9771,9743,9971,9971,9943,9535,10000,41,259,92,255,280,52,226,253,100,0.0,0.0,0.0,0.0,0.0,0.0,0.0,0.0,0.0
689,28,17,3000.0,9740,9199,9769,9740,9971,9971,9942,9531,10000,41,268,92,255,280,52,226,253,100,-3.0,-8.0,-2.0,-3.0,0.0,0.0,-1.0,-4.0,0.0
690,28,18,3000.0,9740,9199,9769,9740,9971,9971,9942,9531,10000,41,268,92,255,280,52,226,253,100,0.0,0.0,0.0,0.0,0.0,0.0,0.0,0.0,0.0
691,28,19,3000.0,9740,9199,9769,9740,9971,9971,9942,9531,10000,41,268,92,255,280,52,226,253,100,0.0,0.0,0.0,0.0,0.0,0.0,0.0,0.0,0.0
692,28,20,3000.0,9740,9199,9769,9740,9971,9971,9942,9531,10000,41,268,92,255,280,52,226,253,100,0.0,0.0,0.0,0.0,0.0,0.0,0.0,0.0,0.0
693,28,21,3000.0,9737,9191,9767,9737,9971,9971,9941,9527,10000,41,276,93,256,280,52,227,253,100,-3.0,-8.0,-2.0,-3.0,0.0,0.0,-1.0,-4.0,0.0
694,28,22,3000.0,9737,9191,9767,9737,9971,9971,9941,9527,10000,41,276,93,256,280,52,227,253,100,0.0,0.0,0.0,0.0,0.0,0.0,0.0,0.0,0.0
695,28,23,3000.0,9737,9191,9767,9737,9971,9971,9941,9527,10000,41,276,93,256,280,52,227,253,100,0.0,0.0,0.0,0.0,0.0,0.0,0.0,0.0,0.0
696,29,0,3000.0,9737,9191,9767,9737,9971,9971,9941,9527,10000,41,276,93,256,280,52,227,253,100,0.0,0.0,0.0,0.0,0.0,0.0,0.0,0.0,0.0
697,29,1,3000.0,9733,9182,9764,9733,9970,9970,9939,9522,10000,41,286,95,257,280,52,228,253,100,-4.0,-9.0,-3.0,-4.0,-1.0,-1.0,-2.0,-5.0,0.0
698,29,2,3000.0,9733,9182,9764,9733,9970,9970,9939,9522,10000,41,286,95,257,280,52,228,253,100,0.0,0.0,0.0,0.0,0.0,0.0,0.0,0.0,0.0
699,29,3,3000.0,9733,9182,9764,9733,9970,9970,9939,9522,10000,41,286,95,257,280,52,228,253,100,0.0,0.0,0.0,0.0,0.0,0.0,0.0,0.0,0.0
700,29,4,3000.0,9733,9182,9764,9733,9970,9970,9939,9522,10000,41,286,95,257,280,52,228,253,100,0.0,0.0,0.0,0.0,0.0,0.0,0.0,0.0,0.0
701,29,5,3000.0,9730,9174,9762,9730,9970,9970,9938,9518,10000,41,295,95,258,280,52,228,253,100,-3.0,-8.0,-2.0,-3.0,0.0,0.0,-1.0,-4.0,0.0
702,29,6,3000.0,9730,9174,9762,9730,9970,9970,9938,9518,10000,41,295,95,258,280,52,228,253,100,0.0,0.0,0.0,0.0,0.0,0.0,0.0,0.0,0.0
703,29,7,3000.0,9730,9174,9762,9730,9970,9970,9938,9518,10000,41,295,95,258,280,52,228,253,100,0.0,0.0,0.0,0.0,0.0,0.0,0.0,0.0,0.0
704,29,8,3000.0,9730,9174,9762,9730,9970,9970,9938,9518,10000,41,295,95,258,280,52,228,253,100,0.0,0.0,0.0,0.0,0.0,0.0,0.0,0.0,0.0
705,29,9,3000.0,9727,9166,9760,9727,9970,9970,9937,9514,10000,42,304,96,259,280,52,229,253,100,-3.0,-8.0,-2.0,-3.0,0.0,0.0,-1.0,-4.0,0.0
706,29,10,3000.0,9727,9166,9760,9727,9970,9970,9937,9514,10000,42,304,96,259,280,52,229,253,100,0.0,0.0,0.0,0.0,0.0,0.0,0.0,0.0,0.0
707,29,11,3000.0,9727,9166,9760,9727,9970,9970,9937,9514,10000,42,304,96,259,280,52,229,253,100,0.0,0.0,0.0,0.0,0.0,0.0,0.0,0.0,0.0
708,29,12,3000.0,9727,9166,9760,9727,9970,9970,9937,9514,10000,42,304,96,259,280,52,229,253,100,0.0,0.0,0.0,0.0,0.0,0.0,0.0,0.0,0.0
709,29,13,3000.0,9724,9158,9758,9724,9970,9970,9936,9510,10000,42,313,98,260,280,52,230,253,100,-3.0,-8.0,-2.0,-3.0,0.0,0.0,-1.0,-4.0,0.0
710,29,14,3000.0,9724,9158,9758,9724,9970,9970,9936,9510,10000,42,313,98,260,280,52,230,253,100,0.0,0.0,0.0,0.0,0.0,0.0,0.0,0.0,0.0
711,29,15,3000.0,9724,9158,9758,9724,9970,9970,9936,9510,10000,42,313,98,260,280,52,230,253,100,0.0,0.0,0.0,0.0,0.0,0.0,0.0,0.0,0.0
712,29,16,3000.0,9724,9158,9758,9724,9970,9970,9936,9510,10000,42,313,98,260,280,52,230,253,100,0.0,0.0,0.0,0.0,0.0,0.0,0.0,0.0,0.0
713,29,17,3000.0,9721,9150,9756,9721,9970,9970,9935,9506,10000,42,322,99,260,280,52,230,253,100,-3.0,-8.0,-2.0,-3.0,0.0,0.0,-1.0,-4.0,0.0
714,29,18,3000.0,9721,9150,9756,9721,9970,9970,9935,9506,10000,42,322,99,260,280,52,230,253,100,0.0,0.0,0.0,0.0,0.0,0.0,0.0,0.0,0.0
715,29,19,3000.0,9721,9150,9756,9721,9970,9970,9935,9506,10000,42,322,99,260,280,52,230,253,100,0.0,0.0,0.0,0.0,0.0,0.0,0.0,0.0,0.0
716,29,20,3000.0,9721,9150,9756,9721,9970,9970,9935,9506,10000,42,322,99,260,280,52,230,253,100,0.0,0.0,0.0,0.0,0.0,0.0,0.0,0.0,0.0
717,29,21,3000.0,9718,9142,9754,9718,9970,9970,9934,9502,10000,42,332,100,261,280,52,231,253,100,-3.0,-8.0,-2.0,-3.0,0.0,0.0,-1.0,-4.0,0.0
718,29,22,3000.0,9718,9142,9754,9718,9970,9970,9934,9502,10000,42,332,100,261,280,52,231,253,100,0.0,0.0,0.0,0.0,0.0,0.0,0.0,0.0,0.0
